field,record_count,missing_count,missing_rate,unique_count,unique_rate_non_missing,duplicate_rate_non_missing,avg_size,sample_value
author,873,0,0.0,7,0.008018,0.991982,9.738,60 Giây Official
channel_id,873,0,0.0,7,0.008018,0.991982,24,UCRjzfa1E0gA50lvDQipbDMg
channel_url,873,0,0.0,7,0.008018,0.991982,56,https://www.youtube.com/channel/UCRjzfa1E0gA50lvDQipbDMg
description,873,3,0.003436,712,0.818391,0.181609,957.833,"60 Giây Sáng - Ngày 01/08/2024 - HTV Tin Tức Mới Nhất 2024
► Đăng ký KÊNH để xem Tin Tức Mới Nhất: https://bit.ly/2HoUna4
Kênh Tin Tức Thời Sự 60 Giây Là Kênh Tổng Hợp Tin Tức - Sự Kiện - Giải trí Nhanh Nhất Việt Nam.

©️ Bản quyền Tin Tức thuộc HTV - Đài Truyền hình TP.HCM
©️ The copyright of this "
keywords,873,2,0.002291,453,0.520092,0.479908,20.155,"['HTV Tin tức', 'HTV News', 'chuong trinh 60 giay', 'chuong trinh 60s', 'ban tin 60 giay', 'ban tin 60s', '60 giay', '60s', '60 giay hom nay', 'Tin tức 60 giây', 'TIN TUC 60 GIAY', 'TIN TỨC 60 GI Y', 'tin tuc 60 giay', 'tin tức', '60 giây', 'Tin Tức', 'TIN TUC', '60 GIAY', 'Tin Tức Mới', 'Tin Tức Mớ"
length,873,0,0.0,362,0.414662,0.585338,3.19,1262
publish_date,873,0,0.0,575,0.658648,0.341352,10,01/08/2024
thumbnail_url,873,0,0.0,873,1.0,0.0,73.446,https://i.ytimg.com/vi/Rzpw5WR7nAY/sddefault.jpg?v=66ab0d4e
title,873,0,0.0,873,1.0,0.0,62.964,60 Giây Sáng - Ngày 01082024 - HTV Tin Tức Mới Nhất 2024
watch_url,873,0,0.0,873,1.0,0.0,39,https://youtube.com/watch?v=Rzpw5WR7nAY
