normalized_keyword,example_keyword,document_frequency,document_rate
vivu tv,VIVU TV,498,0.570447
vivutv,VIVUTV,498,0.570447
món ngon dể làm,món ngon dể làm,498,0.570447
mon ngon moi ngay,mon ngon moi ngay,498,0.570447
món ngon mỗi ngày,món ngon mỗi ngày,498,0.570447
món ngon mỗi ngày vivu tv,MÓN NGON MỖI NGÀY VIVU TV,498,0.570447
món ngon đơn giản,món ngon đơn giản,496,0.568156
ẩm thực,ẩm thực,496,0.568156
thực đơn mổi ngày,thực đơn mổi ngày,496,0.568156
cơm gia dinh,cơm gia dinh,493,0.564719
bữa cơm,bữa cơm,491,0.562428
thực đơn,thực đơn,489,0.560137
gia đình,gia đình,486,0.556701
món ăn việt nam,món ăn việt nam,477,0.546392
món ăn ngon,món ăn ngon,393,0.450172
món ngon mổi ngày,món ngon mổi ngày,389,0.44559
mon an ngon moi ngay,mon an ngon moi ngay,382,0.437572
món ăn ngon mổi ngày,món ăn ngon mổi ngày,382,0.437572
mnmn,mnmn,344,0.394044
món ngon,món ngon,322,0.368843
thức ăn,thức ăn,312,0.357388
tin tức,tin tức,243,0.278351
salad gà nướng,salad gà nướng,187,0.214204
pancake hoa cúc,pancake hoa cúc,153,0.175258
món ăn dể làm,món ăn dể làm,152,0.174112
cơm chien dưa bò,cơm chien dưa bò,149,0.170676
dạy nấu ăn,dạy nấu ăn,148,0.16953
cơm gia đình,cơm gia đình,147,0.168385
học nấu ăn,học nấu ăn,100,0.114548
báo tuổi trẻ,báo tuổi trẻ,96,0.109966
tuổi trẻ,tuổi trẻ,96,0.109966
tuổi trẻ online,tuổi trẻ online,96,0.109966
tin nóng,tin nóng,96,0.109966
tin tức 24h,tin tức 24h,96,0.109966
phóng sự điều tra,phóng sự điều tra,96,0.109966
bao tuoi tre,bao tuoi tre,96,0.109966
tuoi tre,tuoi tre,96,0.109966
tin nong,tin nong,96,0.109966
tuoi tre online,tuoi tre online,95,0.10882
nội trợ,nội trợ,93,0.106529
vợ đảm,vợ đảm,93,0.106529
bếp nuc,bếp nuc,92,0.105384
báo thanh niên,báo thanh niên,88,0.100802
tin việt nam,tin Việt Nam,88,0.100802
thời sự,thời sự,88,0.100802
báo thanh niên hôm nay,báo thanh niên hôm nay,88,0.100802
báo thanh niên mới nhất,báo thanh niên mới nhất,88,0.100802
nấu ăn ngon,nấu ăn ngon,78,0.089347
antv,antv,72,0.082474
đông tây entertaiment,đông tây entertaiment,72,0.082474
hồ sơ trinh thám,Hồ Sơ Trinh Thám,72,0.082474
rang giới trắng đen,Rang Giới Trắng Đen,72,0.082474
canh bạc cuộc đời,Canh Bạc Cuộc Đời,72,0.082474
món quê lạ miệng,món quê lạ miệng,71,0.081329
htvthethao,HTVTheThao,68,0.077892
htvsports,HTVSports,68,0.077892
htv the thao,htv the thao,68,0.077892
htv thể thao,HTV Thể thao,68,0.077892
serie a,serie a,68,0.077892
serie a 2022 - 2023,Serie A 2022 - 2023,68,0.077892
giải vô địch ý,giải vô địch ý,68,0.077892
cúp quốc gia ý,cúp quốc gia ý,68,0.077892
cup quoc gia italia,cup quoc gia italia,68,0.077892
cúp quốc gia italia,Cúp quốc gia Italia,68,0.077892
one championship,ONE championship,68,0.077892
htv tin tức,HTV Tin tức,60,0.068729
htv news,HTV News,60,0.068729
chuong trinh 60 giay,chuong trinh 60 giay,60,0.068729
chuong trinh 60s,chuong trinh 60s,60,0.068729
ban tin 60 giay,ban tin 60 giay,60,0.068729
ban tin 60s,ban tin 60s,60,0.068729
60 giay,60 giay,60,0.068729
60s,60s,60,0.068729
60 giay hom nay,60 giay hom nay,60,0.068729
tin tức 60 giây,Tin tức 60 giây,60,0.068729
tin tuc 60 giay,TIN TUC 60 GIAY,60,0.068729
tin tức 60 gi y,TIN TỨC 60 GI Y,60,0.068729
60 giây,60 giây,60,0.068729
tin tuc,TIN TUC,60,0.068729
tin tức mới,Tin Tức Mới,60,0.068729
tin tức mới nhất,Tin Tức Mới Nhất,60,0.068729
xem tin tức mới nhất,Xem tin tức mới nhất,60,0.068729
xem tin tức,Xem tin tức,60,0.068729
hôm nay xem gì,Hôm nay xem gì,60,0.068729
60 giây sáng,60 giây Sáng,60,0.068729
60 giây chiều,60 giây chiều,60,0.068729
bản tin 60s,Bản tin 60s,60,0.068729
tin tức thời sự việt nam,Tin tức thời sự việt nam,60,0.068729
tin tuc thoi su viet nam,Tin tuc thoi su Viet nam,60,0.068729
lan tỏa năng lượng tích cực,lan tỏa năng lượng tích cực,58,0.066438
cuộc thi lan tỏa năng lượng tích cực,Cuộc thi Lan tỏa năng lượng tích cực,49,0.056128
htv entertainment,HTV entertainment,45,0.051546
lan tỏa năng lượng tích cực 2024,Lan tỏa năng lượng tích cực 2024,40,0.045819
nấu nướng,nấu nướng,33,0.037801
đảm đang,đảm đang,32,0.036655
song mekong,song mekong,24,0.027491
sông mê kông,sông mê kông,24,0.027491
song me kong,song Me Kong,24,0.027491
tản mạn mê kông đến và ở lại,tản mạn mê kông đến và ở lại,24,0.027491
tản mạn mê kông,tản mạn mê kông,24,0.027491
tan man me kong,tan man me kong,24,0.027491
tan man me kong den va o lai,tan man me kong den va o lai,24,0.027491
herbalife,Herbalife,22,0.0252
vàm nao,vàm nao,21,0.024055
vam nao,vam nao,21,0.024055
vườn cò tư sự,vườn cò Tư Sự,21,0.024055
đôi mắt mê kông,đôi mắt mê kông,20,0.02291
doi mat me kong,doi mat me kong,20,0.02291
đôi mắt mê kông vườn cò tư sự,đôi mắt mê kông vườn cò tư sự,20,0.02291
cua cà mau,cua cà mau,20,0.02291
nghề đan đát,nghề đan đát,20,0.02291
am thuc,am thuc,16,0.018328
gia dinh,gia dinh,16,0.018328
nau nuong,nau nuong,16,0.018328
htv giải trí,htv giải trí,16,0.018328
htv giai tri,htv giai tri,16,0.018328
chuong vang vong co,chuong vang vong co,16,0.018328
chuông vàng vọng cổ,chuông vàng vọng cổ,16,0.018328
cuộc thi lan tỏa năng lượng tích cực 2024,Cuộc thi Lan tỏa năng lượng tích cực 2024,16,0.018328
ngon ngất ngây,ngon ngất ngây,15,0.017182
mì căn kho nấm,mì căn kho nấm,12,0.013746
cháo lá dúa,cháo lá dúa,12,0.013746
vang trang co nhac,vang trang co nhac,12,0.013746
vầng trăng cổ nhạc,vầng trăng cổ nhạc,12,0.013746
ngan mai chuong vang,ngan mai chuong vang,12,0.013746
ngân mãi chuông vàng,ngân mãi chuông vàng,12,0.013746
am thanh phu sa,am thanh phu sa,12,0.013746
âm thanh phù sa,âm thanh phù sa,12,0.013746
thuc tap sinh,thuc tap sinh,12,0.013746
thực tập sinh,thực tập sinh,12,0.013746
tuyệt hảo,tuyệt hảo,11,0.0126
bún mắm,bún mắm,10,0.011455
lan tỏa năng lượng tích cực lần 5,lan tỏa năng lượng tích cực lần 5,10,0.011455
nghêu kho tộ,nghêu kho tộ,7,0.008018
ajinomoto,ajinomoto,7,0.008018
chuối đậu kho tương sả,chuối đậu kho tương sả,7,0.008018
mon ngon tu ca,mon ngon tu ca,7,0.008018
lan tỏa năng lượng,lan tỏa năng lượng,7,0.008018
mnmn gan bo ap chao,MNMN gan bo ap chao,6,0.006873
chế biến lòng bò ngon,chế biến lòng bò ngon,6,0.006873
gà hấp lá é,GÀ HẤP LÁ É,6,0.006873
vndlgm3,VNDLGM3,6,0.006873
bò lá lôt chiên,bò lá lôt chiên,5,0.005727
pancake jambon trứng cút,pancake jambon trứng cút,5,0.005727
năng lượng tích cực,năng lượng tích cực,5,0.005727
mực ống hấp củ sắn,mực ống hấp củ sắn,4,0.004582
cốt lết chiên,cốt lết chiên,4,0.004582
lẩu vịt hầm sả,lẩu vịt hầm sả,4,0.004582
cuộn rong biển chiên giòn,cuộn rong biển chiên giòn,4,0.004582
bò áp chảo món ngon,bò áp chảo món ngon,4,0.004582
mực xào sả ớt,mực xào sả ớt,4,0.004582
sườn non kho củ sen,sườn non kho củ sen,4,0.004582
chả giò nấm cá chẽm,chả giò nấm cá chẽm,4,0.004582
pancake,pancake,4,0.004582
vietnam di la ghien,vietnam di la ghien,4,0.004582
htv show,htv show,4,0.004582
chien thang cung con,chien thang cung con,4,0.004582
chiến thắng cùng con,chiến thắng cùng con,4,0.004582
sieu thi cuoi,sieu thi cuoi,4,0.004582
siêu thị cười,siêu thị cười,4,0.004582
khoi nguon cam hung,khoi nguon cam hung,4,0.004582
khơi nguồn cảm hứng,khơi nguồn cảm hứng,4,0.004582
herbalife vn,Herbalife VN,4,0.004582
cua lột chiên giòn,cua lột chiên giòn,3,0.003436
trứng cút xào chua ngọt,trứng cút xào chua ngọt,3,0.003436
nộm lưỡi lợn su hào,nộm lưỡi lợn su hào,3,0.003436
hai sam xao xot cay,hai sam xao xot cay,3,0.003436
hải sâm,hải sâm,3,0.003436
món ngon dễ làm,món ngon dễ làm,3,0.003436
che bien ca,che bien ca,3,0.003436
món ngon mổi ngày cá chiên,món ngon mổi ngày cá chiên,3,0.003436
dau hu cuon chien gion,dau hu cuon chien gion,3,0.003436
món ngon hải sản,món ngon hải sản,3,0.003436
vndlg,VNDLG,3,0.003436
vịt lộn xào me,vịt lộn xào me,2,0.002291
lẩu chao mực,lẩu chao mực,2,0.002291
bánh rán xúc xích bắp vàng,bánh rán xúc xích bắp vàng,2,0.002291
măng tây chiên bia xốt cá ngừ,măng tây chiên bia xốt cá ngừ,2,0.002291
bao tử khìa xá xị,bao tử khìa xá xị,2,0.002291
ếch om tỏi,ếch om tỏi,2,0.002291
cánh gà chiên dừa,cánh gà chiên dừa,2,0.002291
giò heo hon nước dừa,giò heo hon nước dừa,2,0.002291
canh giò heo rau củ,canh giò heo rau củ,2,0.002291
gỏi hoa chuối thịt gà chay,gỏi hoa chuối thịt gà chay,2,0.002291
đậu bắp nhồi chả cá chiên,đậu bắp nhồi chả cá chiên,2,0.002291
cánh gà chiên nước mắm,cánh gà chiên nước mắm,2,0.002291
bánh nếp nhân sò điệp,bánh nếp nhân sò điệp,2,0.002291
canh gà,canh gà,2,0.002291
hoành thánh,hoành thánh,2,0.002291
thanh cua,thanh cua,2,0.002291
canh đầu cá bớp,canh đầu cá bớp,2,0.002291
lưỡi heo trộn kiệu chua,Lưỡi heo trộn kiệu chua,2,0.002291
gà rim ngũ vị,gà rim ngũ vị,2,0.002291
hạt nêm aji-ngon® heo,Hạt nêm Aji-ngon® Heo,2,0.002291
xốt mayonnaise aji-mayo,Xốt Mayonnaise Aji-mayo,2,0.002291
oc xao tiêu xanh,oc xao tiêu xanh,2,0.002291
vương giả khai xuan,vương giả khai xuan,2,0.002291
burger cua lột,burger cua lột,2,0.002291
ajinomoto món ngon mỗi ngày,ajinomoto món ngon mỗi ngày,2,0.002291
lau nam tiem củ qua,lau nam tiem củ qua,2,0.002291
sườn cuộn bacon chiên mè,SƯỜN CUỘN BACON CHIÊN MÈ,2,0.002291
sườn cuộn bacon,sườn cuộn bacon,2,0.002291
sườn chiên mè,sườn chiên mè,2,0.002291
sườn cuộn thịt muối,sườn cuộn thịt muối,2,0.002291
nha đam,nha đam,2,0.002291
cá hấp bia,cá hấp bia,2,0.002291
salad bò dưa kiệu món ngon mỗi ngày,SALAD BÒ DƯA KIỆU MÓN NGON MỖI NGÀY,2,0.002291
bánh xèo,BÁNH XÈO,2,0.002291
an giang,An Giang,2,0.002291
đồng bằng sông cửu long,đồng bằng sông Cửu Long,2,0.002291
tản mạn mê kông đến và ở lại tập 7,tản mạn mê kông đến và ở lại tập 7,2,0.002291
doi mat me kong tap 5,doi mat me kong tap 5,2,0.002291
đôi mắt mê kông tập 5,đôi mắt mê kông tập 5,2,0.002291
lan toả năng lượng tích cực lần 5,Lan toả năng lượng tích cực lần 5,2,0.002291
lớp học tình thương,lớp học tình thương,2,0.002291
khởi nghiệp,khởi nghiệp,2,0.002291
văn hóa đọc,văn hóa đọc,2,0.002291
văn hóa đọc sách,văn hóa đọc sách,2,0.002291
chả lá xương sông,chả lá xương sông,1,0.001145
chat giò tàu hủ ky,chat giò tàu hủ ky,1,0.001145
cá trứng chiên giòn,cá trứng chiên giòn,1,0.001145
gỏi xoài cá trê,gỏi xoài cá trê,1,0.001145
canh cua khổ qua,canh cua khổ qua,1,0.001145
canh cá chép giòn nấu nghệ,canh cá chép giòn nấu nghệ,1,0.001145
sườn chiên lá lốt,sườn chiên lá lốt,1,0.001145
cá sòng nướng muối hạt,cá sòng nướng muối hạt,1,0.001145
gà luôvj xôi gấc,gà luôvj xôi gấc,1,0.001145
lẩu collagen,lẩu collagen,1,0.001145
lẩu cháo chim cút hạt sen,lẩu cháo chim cút hạt sen,1,0.001145
chả mai cua lá lốt,chả mai cua lá lốt,1,0.001145
cá tuyết xốt nan ban,cá tuyết xốt nan ban,1,0.001145
trứng hấp hàu rong biển,trứng hấp hàu rong biển,1,0.001145
gà chiên xốt taru taru,gà chiên xốt taru taru,1,0.001145
bắp bò xào đậu rồng,bắp bò xào đậu rồng,1,0.001145
cá trắm kho riềng,cá trắm kho riềng,1,0.001145
matcha sua cacao,matcha sua cacao,1,0.001145
lẩu cua đồng,lẩu cua đồng,1,0.001145
cá lóc nướng ớt xiêm xanh,cá lóc nướng ớt xiêm xanh,1,0.001145
gà tiềm thuốc bắc,gà tiềm thuốc bắc,1,0.001145
nghêu nướng xốt me,nghêu nướng xốt me,1,0.001145
mít non kho nấm,mít non kho nấm,1,0.001145
bánh rán trái cây,bánh rán trái cây,1,0.001145
cá thu xốt thảo mộc,cá thu xốt thảo mộc,1,0.001145
thịt vịt xào củ cải muối,thịt vịt xào củ cải muối,1,0.001145
xôi xá xíu,xôi xá xíu,1,0.001145
bò nướng lá cách,bò nướng lá cách,1,0.001145
canh chua dau ca hoi,canh chua dau ca hoi,1,0.001145
sake chien giòn 2 vị,sake chien giòn 2 vị,1,0.001145
mì trộn,mì trộn,1,0.001145
cá cơm than,cá cơm than,1,0.001145
tôm càng kho trứng muối,tôm càng kho trứng muối,1,0.001145
phở trộn,phở trộn,1,0.001145
bánh canh chay,bánh canh chay,1,0.001145
lườn cá hồi chiên nước mắm,lườn cá hồi chiên nước mắm,1,0.001145
salad cua táo xanh,salad cua táo xanh,1,0.001145
sườn chiên xốt mặn,sườn chiên xốt mặn,1,0.001145
cà ri gà,CÀ RI GÀ,1,0.001145
lẩu cá viên nấu sấu,lẩu cá viên nấu sấu,1,0.001145
bắp cải tím trộn tôm,bắp cải tím trộn tôm,1,0.001145
canh khổ qua hầm thịt,canh khổ qua hầm thịt,1,0.001145
tôm chiên giòn xốt trứng muối,tôm chiên giòn xốt trứng muối,1,0.001145
sườn nướng tiêu,sườn nướng tiêu,1,0.001145
sandwich trái cây chiên giòn,SANDWICH TRÁI CÂY CHIÊN GIÒN,1,0.001145
canh chua vị thái,canh chua vị thái,1,0.001145
khai vị cá hồi,khai vị cá hồi,1,0.001145
lẩu nấm chay,lẩu nấm chay,1,0.001145
cá hồi cuộn bơ chiên giòn,cá hồi cuộn bơ chiên giòn,1,0.001145
pancke xoài kem tươi,pancke xoài kem tươi,1,0.001145
bun sườn non nấu chuối đậu,bun sườn non nấu chuối đậu,1,0.001145
canh hàu sữa măng chua,canh hàu sữa măng chua,1,0.001145
salad tôm thanh mát,salad tôm thanh mát,1,0.001145
cá điêu hồng nướng riềng mẻ,cá điêu hồng nướng riềng mẻ,1,0.001145
bò beefsteak,bò beefsteak,1,0.001145
bánh rán bơ dừa,bánh rán bơ dừa,1,0.001145
sườn nấu đạu ngự,sườn nấu đạu ngự,1,0.001145
cá thu chiên nghệ,cá thu chiên nghệ,1,0.001145
đùi gà áp chảo xốt thơm,đùi gà áp chảo xốt thơm,1,0.001145
cookies blendy dâu 3 màu,cookies blendy dâu 3 màu,1,0.001145
canh sườn bò củ sen,canh sườn bò củ sen,1,0.001145
đùi gà chiên cay,đùi gà chiên cay,1,0.001145
vịt xào lá mắc mật,vịt xào lá mắc mật,1,0.001145
sườn non xốt giấm đỏ,sườn non xốt giấm đỏ,1,0.001145
chả tôm nhồi mực nướng,Chả tôm nhồi mực nướng,1,0.001145
chả tôm,chả tôm,1,0.001145
bò kho chay,bò kho chay,1,0.001145
ra gu chân nấm,ra gu chân nấm,1,0.001145
mỳ ý sốt nấm,mỳ ý sốt nấm,1,0.001145
mỳ ý xốt nấm,mỳ ý xốt nấm,1,0.001145
ếch kho măng lá quế,Ếch kho măng lá quế,1,0.001145
bacon cuộn hành tây phô mai,bacon cuộn hành tây phô mai,1,0.001145
cá cơm chiên bông hẹ,Cá cơm chiên bông hẹ,1,0.001145
canh cá hồng,canh cá hồng,1,0.001145
bắp cải hấp nấm tôm,bắp cải hấp nấm tôm,1,0.001145
cá sapa nhồi ngọc kê nướng,cá sapa nhồi ngọc kê nướng,1,0.001145
xôi gà đậu xanh,xôi gà đậu xanh,1,0.001145
pankece xếp nhân sầu riêng,pankece xếp nhân sầu riêng,1,0.001145
cánh gà xốt mù tạt,cánh gà xốt mù tạt,1,0.001145
mnmn tom chien dua,MNMN tom chien dua,1,0.001145
món ngon từ tôm,món ngon từ tôm,1,0.001145
chế biến món ăn với tôm,chế biến món ăn với tôm,1,0.001145
mnmn khoai tay vien chien xu,MNMN khoai tay vien chien xu,1,0.001145
chế biến khoai tây,chế biến khoai tây,1,0.001145
món ngon từ cá,món ngon từ cá,1,0.001145
ho lo ca,ho lo ca,1,0.001145
chế biến cá,chế biến cá,1,0.001145
món ăn với cá,món ăn với cá,1,0.001145
cá bóp kho tộ,cá bóp kho tộ,1,0.001145
trứng cuộn kiểu nhật,trứng cuộn kiểu nhật,1,0.001145
canh chua sườn non,canh chua sườn non,1,0.001145
cốt lết chiên sả ớt,cốt lết chiên sả ớt,1,0.001145
cá nục xốt thơm,cá nục xốt thơm,1,0.001145
bánh gạo xào cay,bánh gạo xào cay,1,0.001145
đậu hủ non xốt cay,đậu hủ non xốt cay,1,0.001145
hủ tiếu xào sò huyết,HỦ TIẾU XÀO SÒ HUYẾT,1,0.001145
smoothie trà sữa dâu,SMOOTHIE TRÀ SỮA DÂU,1,0.001145
bánh mì nướng tỏi,bánh mì nướng tỏi,1,0.001145
cơm chiên dương châu,cơm chiên dương châu,1,0.001145
banh rán nhân khoai lang,banh rán nhân khoai lang,1,0.001145
chả lụa chay kho thơm,chả lụa chay kho thơm,1,0.001145
lẩu xí quách kim chi,lẩu xí quách kim chi,1,0.001145
canh chả tôm chùm ngây,Canh chả tôm chùm ngây,1,0.001145
salad mực phổ tai,salad mực phổ tai,1,0.001145
bánh rán trứng phô mai,bánh rán trứng phô mai,1,0.001145
rau củ xào đậu hủ xốt mè,rau củ xào đậu hủ xốt mè,1,0.001145
salad mùa hè,salad mùa hè,1,0.001145
lẩu bò vị thái,lẩu bò vị thái,1,0.001145
cá trứng chấm tuong me,cá trứng chấm tuong me,1,0.001145
mướp xào đậu phộng,mướp xào đậu phộng,1,0.001145
tra sua hạt e sương sâm,TRA SUA HẠT E SƯƠNG SÂM,1,0.001145
bánh mì kẹp cá chiên xù,bánh mì kẹp cá chiên xù,1,0.001145
cá hồi nướng tắc mật ong,cá hồi nướng tắc mật ong,1,0.001145
dồi ốc lá trúc,dồi ốc lá trúc,1,0.001145
măng tây xào tôm mực,măng tây xào tôm mực,1,0.001145
măng tây,măng tây,1,0.001145
tôm,tôm,1,0.001145
mực,mực,1,0.001145
lươn kho cà tím,lươn kho cà tím,1,0.001145
canh gà lá me,canh gà lá me,1,0.001145
lá me,lá me,1,0.001145
salad bắp tôm,salad bắp tôm,1,0.001145
salad,salad,1,0.001145
chân gà tiềm đậu đen,chân gà tiềm đậu đen,1,0.001145
chân gà,chân gà,1,0.001145
đậu đen,đậu đen,1,0.001145
sandwich nướng trứng sốt mayonnaise,sandwich nướng trứng sốt mayonnaise,1,0.001145
sốt mayonnaise,sốt mayonnaise,1,0.001145
sandwich nướng,sandwich nướng,1,0.001145
hoành thánh bắp chiên,hoành thánh bắp chiên,1,0.001145
bắp chiên,bắp chiên,1,0.001145
giòn thơm,giòn thơm,1,0.001145
bún quậy,bún quậy,1,0.001145
bún quậy phú quốc,bún quậy phú quốc,1,0.001145
tôm thịt bọc trứng cút,Tôm thịt bọc trứng cút,1,0.001145
thơm ngon lạ miệng,thơm ngon lạ miệng,1,0.001145
sup thanh cua hat chia,sup thanh cua hat chia,1,0.001145
hạt chia,hạt chia,1,0.001145
bánh trứng phô mai rau củ,bánh trứng phô mai rau củ,1,0.001145
bánh trứng,bánh trứng,1,0.001145
bánh trứng phô mai,bánh trứng phô mai,1,0.001145
béo ngậy giòn thơm,béo ngậy giòn thơm,1,0.001145
chả khoanh hành taya,Chả khoanh hành taya,1,0.001145
vịt om nước tuong,vịt om nước tuong,1,0.001145
cá bơp nấuu canh,cá bơp nấuu canh,1,0.001145
đầu cá bớp,đầu cá bớp,1,0.001145
salad cầu vồng ngày hè,salad cầu vồng ngày hè,1,0.001145
salad cầu vồng,salad cầu vồng,1,0.001145
nui xào chay thập cẩm,nui xào chay thập cẩm,1,0.001145
nui xào chay,nui xào chay,1,0.001145
nui xào,nui xào,1,0.001145
đạu cove xào tim heo,đạu cove xào tim heo,1,0.001145
pancake sushi,pancake sushi,1,0.001145
canh gà nấm mỡ,canh gà nấm mỡ,1,0.001145
cơm chiên thập cẩm,cơm chiên thập cẩm,1,0.001145
gỏi cóc tai heo,gỏi cóc tai heo,1,0.001145
cồi sò điệp xào hoa thiên lý,Cồi sò điệp xào hoa thiên lý,1,0.001145
pancake tôm phô mai,pancake tôm phô mai,1,0.001145
mẹt hải sản,mẹt hải sản,1,0.001145
bún gân bò,bún gân bò,1,0.001145
rau củ xào xốt chay,rau củ xào xốt chay,1,0.001145
cháo hạt sen nấu bò viên,cháo hạt sen nấu bò viên,1,0.001145
dê xào tía tô cà bát,Dê xào tía tô cà bát,1,0.001145
heo nướng hàn quốc,heo nướng hàn quốc,1,0.001145
thịt bò nướng mè kiểu hàn quốc,thịt bò nướng mè kiểu hàn quốc,1,0.001145
gỏi rau mầm tôm mực,gỏi rau mầm tôm mực,1,0.001145
cuốn chả chay,cuốn chả chay,1,0.001145
món ngon cho ngày rằm,món ngon cho ngày rằm,1,0.001145
chả cốm tạo hình,chả cốm tạo hình,1,0.001145
bột ngọt aji-no-moto,Bột ngọt AJI-NO-MOTO,1,0.001145
gà chiên xá xị,gà chiên xá xị,1,0.001145
hạt nêm aji-ngon® gà,Hạt nêm Aji-ngon® Gà,1,0.001145
gia vị nêm sẵn aji-quick,Gia vị nêm sẵn Aji-Quick,1,0.001145
salad bí đỏ,salad bí đỏ,1,0.001145
hạt nêm aji-ngon gà,Hạt nêm Aji-ngon Gà,1,0.001145
nước tương “phú sĩ”,Nước tương “Phú Sĩ”,1,0.001145
bánh nếp,bánh nếp,1,0.001145
ba rọi tẩm trứng chiên giòn,ba rọi tẩm trứng chiên giòn,1,0.001145
cánh gà chiên tỏi lá chanh,cánh gà chiên tỏi lá chanh,1,0.001145
trà sữa gạo rang thạch matcha,trà sữa gạo rang thạch matcha,1,0.001145
trà sữa gạo rang,trà sữa gạo rang,1,0.001145
bắp bò om gừng sả,bắp bò om gừng sả,1,0.001145
bắp bò kho,bắp bò kho,1,0.001145
thế giới ẩm thực,thế giới ẩm thực,1,0.001145
bắp bò,bắp bò,1,0.001145
món ngon mỗi ngày bắp bò om gừng sả,món ngon mỗi ngày bắp bò om gừng sả,1,0.001145
cách làm bắp bò om gừng sả,cách làm bắp bò om gừng sả,1,0.001145
bắp bò nấu gì ngon,bắp bò nấu gì ngon,1,0.001145
bắp bò bóp thấu,bắp bò bóp thấu,1,0.001145
bóp bò ngâm nước mắm,bóp bò ngâm nước mắm,1,0.001145
các món ăn làm từ bắp bò,các món ăn làm từ bắp bò,1,0.001145
bắp bò nấu gì,bắp bò nấu gì,1,0.001145
mực nhồi tôm sốt tiêu xanh,mực nhồi tôm sốt tiêu xanh,1,0.001145
cá chim nướng ớt xiêm,cá chim nướng ớt xiêm,1,0.001145
chân giò om sấu,chân giò om sấu,1,0.001145
trà sữa royal cookies,trà sữa royal cookies,1,0.001145
trà sữa cookies,trà sữa cookies,1,0.001145
tra sua royal cookies,tra sua royal cookies,1,0.001145
tra sua ngot ngao,tra sua ngot ngao,1,0.001145
canh cá hanh vị thái,canh cá hanh vị thái,1,0.001145
rong biển cuộn nấm kim châm,rong biển cuộn nấm kim châm,1,0.001145
salad ga nuong,salad ga nuong,1,0.001145
món ngon salad gà nướng,MÓN NGON SALAD GÀ NƯỚNG,1,0.001145
mát giòn salad gà nướng,MÁT GIÒN SALAD GÀ NƯỚNG,1,0.001145
salad gà nướng mát giòn,SALAD GÀ NƯỚNG MÁT GIÒN,1,0.001145
sườn non xào chanh sả,sườn non xào chanh sả,1,0.001145
trứng lòng đào bọc thịt,trứng lòng đào bọc thịt,1,0.001145
canh củ sen rong biển,canh củ sen rong biển,1,0.001145
ngọt thanh canh củ sen rong biển,ngọt thanh canh củ sen rong biển,1,0.001145
bánh tôm hẹ chiên giòn,bánh tôm hẹ chiên giòn,1,0.001145
bánh tôm hẹ,bánh tôm hẹ,1,0.001145
cá chẽm chiên hạnh nhân,cá chẽm chiên hạnh nhân,1,0.001145
gà xào nấm,gà xào nấm,1,0.001145
bánh rán thịt nguội pate,bánh rán thịt nguội pate,1,0.001145
salad cam cá hồi,salad cam cá hồi,1,0.001145
cá chiên xóc tỏi,cá chiên xóc tỏi,1,0.001145
pancake bò bầm,PANCAKE BÒ BẦM,1,0.001145
phở cuốn chả chiên,phở cuốn chả chiên,1,0.001145
bí đỏ hấp hạt sen,bí đỏ hấp hạt sen,1,0.001145
canh sườn mít non trái vả,canh sườn mít non trái vả,1,0.001145
salad trái thơm mayo,SALAD TRÁI THƠM MAYO,1,0.001145
tai heo ngâm chua ngọt,TAI HEO NGÂM CHUA NGỌT,1,0.001145
giòn ngon khó cưỡng,GIÒN NGON KHÓ CƯỠNG,1,0.001145
cơm tím gà khìa,cơm tím gà khìa,1,0.001145
cá diêu hồng ngũ vị nướng xốt thơm,cá diêu hồng ngũ vị nướng xốt thơm,1,0.001145
gỏi cuốn chay,gỏi cuốn chay,1,0.001145
cà tím kho nấm thịt băm,cà tím kho nấm thịt băm,1,0.001145
dưa chuột ngâm giấm,dưa chuột ngâm giấm,1,0.001145
burger cua lột món ngon mỗi ngày,BURGER CUA LỘT MÓN NGON MỖI NGÀY,1,0.001145
món ngon mỗi ngày burger cua lột,MÓN NGON MỖI NGÀY BURGER CUA LỘT,1,0.001145
burger cua lot,burger cua lot,1,0.001145
bún gà xáo sả,bún gà xáo sả,1,0.001145
ngon lạ miệng,ngon lạ miệng,1,0.001145
bữa cơm gia đình,bữa cơm gia đình,1,0.001145
mâm cơm gia đình,mâm cơm gia đình,1,0.001145
bun ga xao sa,bun ga xao sa,1,0.001145
đậm vị quê nhà với bún gà xáo sả,ĐẬM VỊ QUÊ NHÀ VỚI BÚN GÀ XÁO SẢ,1,0.001145
bún gà xáo sả món ngon,BÚN GÀ XÁO SẢ MÓN NGON,1,0.001145
món ngon bún gà xáo sả,MÓN NGON BÚN GÀ XÁO SẢ,1,0.001145
nui nấu bò cay,nui nấu bò cay,1,0.001145
gà xốt mật ong mù tat,gà xốt mật ong mù tat,1,0.001145
cá kèo chiên,cá kèo chiên,1,0.001145
cá trê kho gừng nghệ,cá trê kho gừng nghệ,1,0.001145
bánh tôm chiên củ sắn,bánh tôm chiên củ sắn,1,0.001145
bún thái,bún thái,1,0.001145
cháo ngưu bàng hải sản,cháo ngưu bàng hải sản,1,0.001145
cá diêu hồng cuốn dưa kiệu,cá diêu hồng cuốn dưa kiệu,1,0.001145
salad mực ông rong biển,salad mực ông rong biển,1,0.001145
bánh mì thịt nướng sả mayo,bánh mì thịt nướng sả mayo,1,0.001145
ngon giòn đậm đà,ngon giòn đậm đà,1,0.001145
bánh mì,bánh mì,1,0.001145
pancake socola,pancake socola,1,0.001145
cho đêm giáng sinh lung linh,cho đêm giáng sinh lung linh,1,0.001145
sandwich kẹp chả tôm,sandwich kẹp chả tôm,1,0.001145
buổi sáng đầy năng lượng,buổi sáng đầy năng lượng,1,0.001145
lẩu cá lăng,lẩu cá lăng,1,0.001145
bông so đũa,bông so đũa,1,0.001145
canh cá bống mú,CANH CÁ BỐNG MÚ,1,0.001145
cá bống mú,cá bống mú,1,0.001145
gà xào vị thái,GÀ XÀO VỊ THÁI,1,0.001145
gà xào thái,gà xào thái,1,0.001145
món thái,món thái,1,0.001145
burger cá hồi,BURGER CÁ HỒI,1,0.001145
burger cá,burger cá,1,0.001145
pancake hạnh nhân đậu đỏ,PANCAKE HẠNH NHÂN ĐẬU ĐỎ,1,0.001145
pancake hạnh nhân,PANCAKE HẠNH NHÂN,1,0.001145
mỳ efu xào nấm trà,MỲ EFU XÀO NẤM TRÀ,1,0.001145
nấm trà,NẤM TRÀ,1,0.001145
mỳ efu,MỲ EFU,1,0.001145
bầu xào nghêu,BẦU XÀO NGHÊU,1,0.001145
bau xao ngheu,bau xao ngheu,1,0.001145
canh gân bò chua cay,CANH GÂN BÒ CHUA CAY,1,0.001145
gân bò,gân bò,1,0.001145
lẩu cháo cá ám miền bắc,LẨU CHÁO CÁ ÁM MIỀN BẮC,1,0.001145
cháo cá ám,cháo cá ám,1,0.001145
cua lột chiên xốt thái,CUA LỘT CHIÊN XỐT THÁI,1,0.001145
cua lột,cua lột,1,0.001145
cua lột chiên bơ,cua lột chiên bơ,1,0.001145
món ngon mỗi ngày gà chiên me xốt chanh muối mayo,món ngon mỗi ngày gà chiên me xốt chanh muối mayo,1,0.001145
cách làm gà chiên mè xốt chanh muối mayo,cách làm gà chiên mè xốt chanh muối mayo,1,0.001145
gà chiên mè,gà chiên mè,1,0.001145
các món gà chiên ngon,các món gà chiên ngon,1,0.001145
gà chiên mayo,gà chiên mayo,1,0.001145
gà chiên xốt chanh muối,gà chiên xốt chanh muối,1,0.001145
món ngon mỗi ngày canh tôm rau cần nước,món ngon mỗi ngày canh tôm rau cần nước,1,0.001145
canh tôm rau cần nước,canh tôm rau cần nước,1,0.001145
các món canh tôm đơn giản dễ làm,các món canh tôm đơn giản dễ làm,1,0.001145
canh tôm,canh tôm,1,0.001145
cách làm canh tôm,cách làm canh tôm,1,0.001145
món ngon mỗi ngày gỏi bốn mùa,món ngon mỗi ngày gỏi bốn mùa,1,0.001145
cách làm gỏi bốn mùa,cách làm gỏi bốn mùa,1,0.001145
cách làm gỏi bốn mùa món ngon mỗi ngaỳ,cách làm gỏi bốn mùa món ngon mỗi ngaỳ,1,0.001145
các món gỏi đơn giản dễ làm,các món gỏi đơn giản dễ làm,1,0.001145
gỏi bốn mùa,gỏi bốn mùa,1,0.001145
các món gỏi,các món gỏi,1,0.001145
bánh cá khoai tây,BÁNH CÁ KHOAI TÂY,1,0.001145
bánh cá,bánh cá,1,0.001145
banh ca khoai tay,banh ca khoai tay,1,0.001145
ruốc biển chiên lá quế,RUỐC BIỂN CHIÊN LÁ QUẾ,1,0.001145
ruốc biển làm món gì,ruốc biển làm món gì,1,0.001145
ruốc biển,ruốc biển,1,0.001145
lá quế nấu món gì,lá quế nấu món gì,1,0.001145
bánh rán cam mật ong,BÁNH RÁN CAM MẬT ONG,1,0.001145
banh ran cam mat ong,banh ran cam mat ong,1,0.001145
bánh rán doremon,bánh rán doremon,1,0.001145
canh mọc bí ngòi,CANH MỌC BÍ NGÒI,1,0.001145
canh moc bi ngoi,canh moc bi ngoi,1,0.001145
nấm kho tộ,NẤM KHO TỘ,1,0.001145
nam kho to,nam kho to,1,0.001145
cơm chanh ấn độ,CƠM CHANH ẤN ĐỘ,1,0.001145
com chanh an do,com chanh an do,1,0.001145
cá kèo nướng muối ớt,CÁ KÈO NƯỚNG MUỐI ỚT,1,0.001145
ca keo nuong muoi ot,ca keo nuong muoi ot,1,0.001145
súp măng vịt chua cay,SÚP MĂNG VỊT CHUA CAY,1,0.001145
sup mang vit chua cay,sup mang vit chua cay,1,0.001145
cá hồi sake chiên giòn,cá hồi sake chiên giòn,1,0.001145
canh cá rô bông súng,canh cá rô bông súng,1,0.001145
sup tôm măng tây,sup tôm măng tây,1,0.001145
vị lẩu thái,vị lẩu thái,1,0.001145
bánh mì que xốt thịt cay mayo,BÁNH MÌ QUE XỐT THỊT CAY MAYO,1,0.001145
cá hấp tàu xì,CÁ HẤP TÀU XÌ,1,0.001145
ca hap tau xi,ca hap tau xi,1,0.001145
pancake lá dứa,pancake lá dứa,1,0.001145
đậu hủ um nước cốt dừa,ĐẬU HỦ UM NƯỚC CỐT DỪA,1,0.001145
dau hu um nuoc dua,dau hu um nuoc dua,1,0.001145
lươn nướng sả,LƯƠN NƯỚNG SẢ,1,0.001145
luon nuong sa,luon nuong sa,1,0.001145
luon nuong xa,luon nuong xa,1,0.001145
súp hoành thánh,SÚP HOÀNH THÁNH,1,0.001145
jambon cuộn thanh cua,JAMBON CUỘN THANH CUA,1,0.001145
jambon,jambon,1,0.001145
chả mực bánh xe chiên giòn,CHẢ MỰC BÁNH XE CHIÊN GIÒN,1,0.001145
chả mực chiên giòn,chả mực chiên giòn,1,0.001145
pancake nhân táo,PANCAKE NHÂN TÁO,1,0.001145
cải ngồng xào nấm món ngon mỗi ngày,CẢI NGỒNG XÀO NẤM MÓN NGON MỖI NGÀY,1,0.001145
cải ngồng xào nấm,CẢI NGỒNG XÀO NẤM,1,0.001145
lẩu gà mắc khén,LẨU GÀ MẮC KHÉN,1,0.001145
mắc khén,mắc khén,1,0.001145
ốc xào lăn lá cách,ỐC XÀO LĂN LÁ CÁCH,1,0.001145
lá cách,lá cách,1,0.001145
hàu xào bông cải,HÀU XÀO BÔNG CẢI,1,0.001145
hau xao bong cai,hau xao bong cai,1,0.001145
ếch chiên bỏ tỏi,ẾCH CHIÊN BỎ TỎI,1,0.001145
ech chien bo toi,ech chien bo toi,1,0.001145
trà sữa thạch kem hạt chia,TRÀ SỮA THẠCH KEM HẠT CHIA,1,0.001145
tra sua thach kem hat chia,tra sua thach kem hat chia,1,0.001145
bún xào hải sản,BÚN XÀO HẢI SẢN,1,0.001145
bun xao hai san,bun xao hai san,1,0.001145
sò lông nướng bơ tỏi,SÒ LÔNG NƯỚNG BƠ TỎI,1,0.001145
so long nuong bo toi,so long nuong bo toi,1,0.001145
gà kho nấm,GÀ KHO NẤM,1,0.001145
ga kho nam,ga kho nam,1,0.001145
canh cá đồng nấu khế,CANH CÁ ĐỒNG NẤU KHẾ,1,0.001145
canh ca nau khe,canh ca nau khe,1,0.001145
súp óc heo tóc tiên,SÚP ÓC HEO TÓC TIÊN,1,0.001145
sup óc heo,sup óc heo,1,0.001145
cá hồi áp chảo sốt tiêu,CÁ HỒI ÁP CHẢO SỐT TIÊU,1,0.001145
cá hồi áp chảo,CÁ HỒI ÁP CHẢO,1,0.001145
cá hồi sốt tiêu,cá hồi sốt tiêu,1,0.001145
cháo đậu chà bông cá hồi,CHÁO ĐẬU CHÀ BÔNG CÁ HỒI,1,0.001145
cháo đậu chà bông,cháo đậu chà bông,1,0.001145
cháo cá hồi,cháo cá hồi,1,0.001145
lẩu nấm tiềm củ quả,LẨU NẤM TIỀM CỦ QUẢ,1,0.001145
lau nam tiem cu qua,lau nam tiem cu qua,1,0.001145
lẩu,lẩu,1,0.001145
lẩu nấm,lẩu nấm,1,0.001145
canh sườn nha đam,CANH SƯỜN NHA ĐAM,1,0.001145
canh suon nha dam,canh suon nha dam,1,0.001145
canh nha đam,canh nha đam,1,0.001145
nấu canh nha đam sườn,nấu canh nha đam sườn,1,0.001145
hàu trộn mầm cải,HÀU TRỘN MẦM CẢI,1,0.001145
salad mầm cải,salad mầm cải,1,0.001145
hàu trộn salad,hàu trộn salad,1,0.001145
hau tron mam cai,hau tron mam cai,1,0.001145
cá tai tượng xốt sambal,CÁ TAI TƯỢNG XỐT SAMBAL,1,0.001145
ca tai tuong sot sambal,ca tai tuong sot sambal,1,0.001145
salad tôm đậu hủ,SALAD TÔM ĐẬU HỦ,1,0.001145
salad tom dau hu,salad tom dau hu,1,0.001145
canh nghêu kim chi tía tô,CANH NGHÊU KIM CHI TÍA TÔ,1,0.001145
canh nghêu,canh nghêu,1,0.001145
canh nghêu kim chi,canh nghêu kim chi,1,0.001145
canh nấm gà lá giang,CANH NẤM GÀ LÁ GIANG,1,0.001145
canh nam ga la giang,canh nam ga la giang,1,0.001145
gà lá giang nấu nấm,gà lá giang nấu nấm,1,0.001145
canh gà nấu nấm lá giang,canh gà nấu nấm lá giang,1,0.001145
gà nướng lửa trại,GÀ NƯỚNG LỬA TRẠI,1,0.001145
ga nuong lua trai,ga nuong lua trai,1,0.001145
món ngon gà nướng,món ngon gà nướng,1,0.001145
pancake 2 màu chuối socola,PANCAKE 2 MÀU CHUỐI SOCOLA,1,0.001145
pancake chuối socola,pancake chuối socola,1,0.001145
pancake hai màu,pancake hai màu,1,0.001145
cá chiên xốt nấm,CÁ CHIÊN XỐT NẤM,1,0.001145
ca chien xot nam,ca chien xot nam,1,0.001145
súp bát trân chay,SÚP BÁT TRÂN CHAY,1,0.001145
sup bat tran chay,sup bat tran chay,1,0.001145
các món sup chay,các món sup chay,1,0.001145
món chay dể làm,món chay dể làm,1,0.001145
món chay ngon mổi ngày,món chay ngon mổi ngày,1,0.001145
salad thanh long chanh dây,SALAD THANH LONG CHANH DÂY,1,0.001145
salad thanh long,salad thanh long,1,0.001145
salad chanh day,salad chanh day,1,0.001145
salad đơn giản dể làm,salad đơn giản dể làm,1,0.001145
làm salad ngon,làm salad ngon,1,0.001145
salad trái cây,salad trái cây,1,0.001145
bánh canh vit,bánh canh vit,1,0.001145
banh canh vit,banh canh vit,1,0.001145
banh canh,banh canh,1,0.001145
chả bò chiên,CHẢ BÒ CHIÊN,1,0.001145
cha bo chien,cha bo chien,1,0.001145
chả bò,chả bò,1,0.001145
cá ngừ đại dương lúc lắc,CÁ NGỪ ĐẠI DƯƠNG LÚC LẮC,1,0.001145
cá ngừ đại dương,cá ngừ đại dương,1,0.001145
cá ngừ đại dương làm món gì ngon,cá ngừ đại dương làm món gì ngon,1,0.001145
cá hấp ngưu bàng,CÁ HẤP NGƯU BÀNG,1,0.001145
ca hap nguu bang,ca hap nguu bang,1,0.001145
cách làm cá hấp ngưu bàng,cách làm cá hấp ngưu bàng,1,0.001145
món ngon mỗi ngày cá hấp ngưu bàng,món ngon mỗi ngày cá hấp ngưu bàng,1,0.001145
cá hấp nước tương,cá hấp nước tương,1,0.001145
chả giò hàu,CHẢ GIÒ HÀU,1,0.001145
chả giò,CHẢ GIÒ,1,0.001145
cha gio hau,cha gio hau,1,0.001145
cách làm chả giò hàu,cách làm chả giò hàu,1,0.001145
món ngon mỗi ngày chả giò hàu,món ngon mỗi ngày chả giò hàu,1,0.001145
chả giò hải sản,chả giò hải sản,1,0.001145
đậu hủ áp chảo xốt sambal,ĐẬU HỦ ÁP CHẢO XỐT SAMBAL,1,0.001145
dau hu ap chao,dau hu ap chao,1,0.001145
xot sambal,xot sambal,1,0.001145
mực que chiên giòn sốt cam,MỰC QUE CHIÊN GIÒN SỐT CAM,1,0.001145
mực chiên giòn,mực chiên giòn,1,0.001145
cải thảo cuộn tôm cá,CẢI THẢO CUỘN TÔM CÁ,1,0.001145
cai thao cuon,cai thao cuon,1,0.001145
pancake thanh long đỏ,PANCAKE THANH LONG ĐỎ,1,0.001145
thanh long đỏ,THANH LONG ĐỎ,1,0.001145
canh gà bí xanh,CANH GÀ BÍ XANH,1,0.001145
canh ga bi xanh,canh ga bi xanh,1,0.001145
sườn non kho chao,SƯỜN NON KHO CHAO,1,0.001145
sườn non kho,SƯỜN NON KHO,1,0.001145
suon non kho chao,suon non kho chao,1,0.001145
cà tím nướng tôm cháy mỡ hẹ,CÀ TÍM NƯỚNG TÔM CHÁY MỠ HẸ,1,0.001145
cà tím nướng,CÀ TÍM NƯỚNG,1,0.001145
cà tím,cà tím,1,0.001145
cá kho quẹt,cá kho quẹt,1,0.001145
kho quẹt,kho quẹt,1,0.001145
tôm chiên mặt nguyệt,tôm chiên mặt nguyệt,1,0.001145
salad mực ống món ngon mỗi ngày,SALAD MỰC ỐNG MÓN NGON MỖI NGÀY,1,0.001145
salad mực ống,SALAD MỰC ỐNG,1,0.001145
salad muc ong,salad muc ong,1,0.001145
ớt chuông hải sản phô mai món ngon mỗi ngày,ỚT CHUÔNG HẢI SẢN PHÔ MAI MÓN NGON MỖI NGÀY,1,0.001145
ớt chuông hải sản phô mai,ỚT CHUÔNG HẢI SẢN PHÔ MAI,1,0.001145
cá dứa một nắng chua ngọt món ngon mỗi ngày,CÁ DỨA MỘT NẮNG CHUA NGỌT MÓN NGON MỖI NGÀY,1,0.001145
cá dứa một nắng chua ngọt,CÁ DỨA MỘT NẮNG CHUA NGỌT,1,0.001145
cá dứa một nắng,CÁ DỨA MỘT NẮNG,1,0.001145
chế biến cá dứa,chế biến cá dứa,1,0.001145
canh sườn bí đỏ rong biển,CANH SƯỜN BÍ ĐỎ RONG BIỂN,1,0.001145
canh sườn bí đỏ rong biển món ngon mỗi ngày,CANH SƯỜN BÍ ĐỎ RONG BIỂN MÓN NGON MỖI NGÀY,1,0.001145
canh suon bi do rong bien,canh suon bi do rong bien,1,0.001145
món ngon từ sườn,món ngon từ sườn,1,0.001145
đậu hũ cuộn chiên giòn,ĐẬU HŨ CUỘN CHIÊN GIÒN,1,0.001145
đậu hũ chiên giòn,đậu hũ chiên giòn,1,0.001145
phở sắn xào thập cẩm món ngon mỗi ngày,PHỞ SẮN XÀO THẬP CẨM MÓN NGON MỖI NGÀY,1,0.001145
phở sắn xào thập cẩm,PHỞ SẮN XÀO THẬP CẨM,1,0.001145
pho san xao thap cam,pho san xao thap cam,1,0.001145
món ngon mỗi ngày 26/04/2020,MÓN NGON MỖI NGÀY 26/04/2020,1,0.001145
ếch khói lửa món ngon mỗi ngày,ếch khói lửa MÓN NGON MỖI NGÀY,1,0.001145
món ngon mỗi ngày 25/04/2020,MÓN NGON MỖI NGÀY 25/04/2020,1,0.001145
canh mồng tơi nấm,canh mồng tơi nấm,1,0.001145
banh xèo hải sản món ngon mỗi ngày,BANH XÈO HẢI SẢN MÓN NGON MỖI NGÀY,1,0.001145
hải sản,HẢI SẢN,1,0.001145
món ngon mỗi ngày 22/02/2020,MÓN NGON MỖI NGÀY 22/02/2020,1,0.001145
gà nướng,GÀ NƯỚNG,1,0.001145
cỏ xạ hương,CỎ XẠ HƯƠNG,1,0.001145
gà nướng cỏ xạ hương,GÀ NƯỚNG CỎ XẠ HƯƠNG,1,0.001145
gà nướng cỏ xạ hương món ngon mỗi ngày,GÀ NƯỚNG CỎ XẠ HƯƠNG MÓN NGON MỖI NGÀY,1,0.001145
món ngon mỗi ngày 28/02/2020,MÓN NGON MỖI NGÀY 28/02/2020,1,0.001145
thịt ba chỉ xiên que,THỊT BA CHỈ XIÊN QUE,1,0.001145
thịt ba chỉ xiên que chiên giòn,THỊT BA CHỈ XIÊN QUE CHIÊN GIÒN,1,0.001145
thịt ba rọi xiên que chiên giòn,thịt ba rọi xiên que chiên giòn,1,0.001145
bắp bò xốt pate chấm muối tắc món ngon mỗi ngày,BẮP BÒ XỐT PATE CHẤM MUỐI TẮC MÓN NGON MỖI NGÀY,1,0.001145
bắp bò xốt pate chấm muối tắc,BẮP BÒ XỐT PATE CHẤM MUỐI TẮC,1,0.001145
thịt bò,thịt bò,1,0.001145
món ngon mỗi ngày 18/04/2020,MÓN NGON MỖI NGÀY 18/04/2020,1,0.001145
pancake đậu xanh cốt dừa món ngon mỗi ngày,PANCAKE ĐẬU XANH CỐT DỪA MÓN NGON MỖI NGÀY,1,0.001145
pancake đậu xanh cốt dừa,PANCAKE ĐẬU XANH CỐT DỪA,1,0.001145
món ngon mỗi ngày 17/04/2020,MÓN NGON MỖI NGÀY 17/04/2020,1,0.001145
salad bò dưa kiệu,SALAD BÒ DƯA KIỆU,1,0.001145
món ngon mỗi ngày 21/02/2020,MÓN NGON MỖI NGÀY 21/02/2020,1,0.001145
pancake khoai lang mật ong,PANCAKE KHOAI LANG MẬT ONG,1,0.001145
pancake khoai lang mật ong món ngon mỗi ngày,PANCAKE KHOAI LANG MẬT ONG MÓN NGON MỖI NGÀY,1,0.001145
pancake khoai lang,PANCAKE KHOAI LANG,1,0.001145
món ngon mỗi ngày 12/04/2020,MÓN NGON MỖI NGÀY 12/04/2020,1,0.001145
canh chân nấm táo đỏ món ngon mỗi ngày,CANH CHÂN NẤM TÁO ĐỎ MÓN NGON MỖI NGÀY,1,0.001145
canh chân nấm táo đỏ,CANH CHÂN NẤM TÁO ĐỎ,1,0.001145
món ngon mỗi ngày 11/04/2020,MÓN NGON MỖI NGÀY 11/04/2020,1,0.001145
pancake dứa hạnh nhân,PANCAKE DỨA HẠNH NHÂN,1,0.001145
pancake dứa hạnh nhân món ngon mỗi ngày,PANCAKE DỨA HẠNH NHÂN MÓN NGON MỖI NGÀY,1,0.001145
món ngon mỗi ngày 29/02/2020,MÓN NGON MỖI NGÀY 29/02/2020,1,0.001145
lẩu ếch lá lốt,LẨU ẾCH LÁ LỐT,1,0.001145
lẩu ếch lá lốt món ngon mỗi ngày,LẨU ẾCH LÁ LỐT MÓN NGON MỖI NGÀY,1,0.001145
lau ech la lot,lau ech la lot,1,0.001145
chế biến món ăn từ ếch,chế biến món ăn từ ếch,1,0.001145
món ngon mỗi ngày 1/03/2020,MÓN NGON MỖI NGÀY 1/03/2020,1,0.001145
cơm gạo lứt,CƠM GẠO LỨT,1,0.001145
cơm gạo lứt trộn,CƠM GẠO LỨT TRỘN,1,0.001145
cơm gạo lứt trộn món ngon mỗi ngày,CƠM GẠO LỨT TRỘN MÓN NGON MỖI NGÀY,1,0.001145
món ngon mỗi ngày 6/03/2020,MÓN NGON MỖI NGÀY 6/03/2020,1,0.001145
đậu hủ hấp nấm nhật món ngon mỗi ngày,ĐẬU HỦ HẤP NẤM NHẬT MÓN NGON MỖI NGÀY,1,0.001145
đậu hủ hấp nấm nhật,ĐẬU HỦ HẤP NẤM NHẬT,1,0.001145
món ngon mỗi ngày 7/03/2020,MÓN NGON MỖI NGÀY 7/03/2020,1,0.001145
salad cải mầm tôm chiên món ngon mỗi ngày,SALAD CẢI MẦM TÔM CHIÊN MÓN NGON MỖI NGÀY,1,0.001145
salad cải mầm tôm chiên,SALAD CẢI MẦM TÔM CHIÊN,1,0.001145
salad cải mầm,SALAD CẢI MẦM,1,0.001145
món ngon mỗi ngày 03/04/2020,MÓN NGON MỖI NGÀY 03/04/2020,1,0.001145
cá chép nấu riềng mẻ,CÁ CHÉP NẤU RIỀNG MẺ,1,0.001145
cá chép nấu riềng mẻ món ngon mỗi ngày,CÁ CHÉP NẤU RIỀNG MẺ MÓN NGON MỖI NGÀY,1,0.001145
núi cấm,núi Cấm,1,0.001145
du lich an giang,du lich An Giang,1,0.001145
banh xeo,banh xeo,1,0.001145
đặc sản,đặc sản,1,0.001145
đbscl,ĐBSCL,1,0.001145
mui nai,mui nai,1,0.001145
mũi nai,mũi nai,1,0.001145
dbscl,dbscl,1,0.001145
dong bang song cuu long,dong bang song cuu long,1,0.001145
du lich,du lich,1,0.001145
nhu binh,nhu binh,1,0.001145
mc nhu binh,Mc Nhu Binh,1,0.001145
vndlagm3,vndlagm3,1,0.001145
hà tiên,Hà Tiên,1,0.001145
ha tien,Ha Tien,1,0.001145
nam bộ,nam bộ,1,0.001145
việt nam đi là ghiền,Việt NAm đi là ghiền,1,0.001145
viet nam di la ghien,viet nam di la ghien,1,0.001145
viet nam di la ghien mua 3,viet nam di la ghien mua 3,1,0.001145
miền biển,miền biển,1,0.001145
món ăn xứ biển,món ăn xứ biển,1,0.001145
cua,cua,1,0.001145
bún cá,bún cá,1,0.001145
t3,T3,1,0.001145
nong dan,nong dan,1,0.001145
vndlg mua 3,vndlg mua 3,1,0.001145
u minh,U Minh,1,0.001145
khô cá sặc,khô cá sặc,1,0.001145
như bình,Như Bình,1,0.001145
vũ long,Vũ Long,1,0.001145
tản mạn mê kông đến và ở lại tập 1,tản mạn mê kông đến và ở lại tập 1,1,0.001145
tap3 mekong,Tap3 Mekong,1,0.001145
tản mạn mê kông đến và ở lại tập 5,tản mạn mê kông đến và ở lại tập 5,1,0.001145
tan man me kong den va o lai tap 5,tan man me kong den va o lai tap 5,1,0.001145
tap04 mekong,Tap04 Mekong,1,0.001145
tản mạn mê kông đến và ở lại tập 6,tản mạn mê kông đến và ở lại tập 6,1,0.001145
tan man me kong den va o lai tap 6,tan man me kong den va o lai tap 6,1,0.001145
tan man me kong den va o lai tap 7,tan man me kong den va o lai tap 7,1,0.001145
tan man me kong den va o lai tap 8,tan man me kong den va o lai tap 8,1,0.001145
tản mạn mê kông đến và ở lại tập 9,tản mạn mê kông đến và ở lại tập 9,1,0.001145
tan man me kong den va o lai tap 9,tan man me kong den va o lai tap 9,1,0.001145
tản mạn mê kông đến và ở lại tập 10,tản mạn mê kông đến và ở lại tập 10,1,0.001145
tan man me kong den va o lai tap 10,tan man me kong den va o lai tap 10,1,0.001145
tản mạn mê kông đến và ở lại tập 11,tản mạn mê kông đến và ở lại tập 11,1,0.001145
tan man me kong den va o lai tap 11,tan man me kong den va o lai tap 11,1,0.001145
tản mạn mê kông đến và ở lại tập 12,tản mạn mê kông đến và ở lại tập 12,1,0.001145
tan man me kong den va o lai tap 12,tan man me kong den va o lai tap 12,1,0.001145
tản mạn mê kông đến và ở lại tập 13,tản mạn mê kông đến và ở lại tập 13,1,0.001145
tan man me kong den va o lai tap 13,tan man me kong den va o lai tap 13,1,0.001145
tản mạn mê kông đến và ở lại tập 14,tản mạn mê kông đến và ở lại tập 14,1,0.001145
tan man me kong den va o lai tap 14,tan man me kong den va o lai tap 14,1,0.001145
tản mạn mê kông đến và ở lại tập 15,tản mạn mê kông đến và ở lại tập 15,1,0.001145
tan man me kong den va o lai tap 15,tan man me kong den va o lai tap 15,1,0.001145
tản mạn mê kông đến và ở lại tập 16,tản mạn mê kông đến và ở lại tập 16,1,0.001145
tan man me kong den va o lai tap 16,tan man me kong den va o lai tap 16,1,0.001145
tản mạn mê kông đến và ở lại tập 17,tản mạn mê kông đến và ở lại tập 17,1,0.001145
tan man me kong den va o lai tap 17,tan man me kong den va o lai tap 17,1,0.001145
tản mạn mê kông đến và ở lại tập 18,tản mạn mê kông đến và ở lại tập 18,1,0.001145
tan man me kong den va o lai tap 18,tan man me kong den va o lai tap 18,1,0.001145
tản mạn mê kông đến và ở lại tập 19,tản mạn mê kông đến và ở lại tập 19,1,0.001145
tan man me kong den va o lai tap 19,tan man me kong den va o lai tap 19,1,0.001145
tản mạn mê kông đến và ở lại tập 20,tản mạn mê kông đến và ở lại tập 20,1,0.001145
tan man me kong den va o lai tap 20,tan man me kong den va o lai tap 20,1,0.001145
tản mạn mê kông đến và ở lại tập 21,tản mạn mê kông đến và ở lại tập 21,1,0.001145
tan man me kong den va o lai tap 21,tan man me kong den va o lai tap 21,1,0.001145
tản mạn mê kông đến và ở lại tập 22,tản mạn mê kông đến và ở lại tập 22,1,0.001145
tan man me kong den va o lai tap 22,tan man me kong den va o lai tap 22,1,0.001145
tản mạn mê kông đến và ở lại tập 23,tản mạn mê kông đến và ở lại tập 23,1,0.001145
tan man me kong den va o lai tap 23,tan man me kong den va o lai tap 23,1,0.001145
tản mạn mê kông đến và ở lại tập 24,tản mạn mê kông đến và ở lại tập 24,1,0.001145
tan man me kong den va o lai tap 24,tan man me kong den va o lai tap 24,1,0.001145
htv,HTV,1,0.001145
đôi mắt mekong,đôi mắt mekong,1,0.001145
doi mat mekong,doi mat mekong,1,0.001145
đôi mắt mekong tập 1,đôi mắt mekong tập 1,1,0.001145
doi mat mekong tap 1,doi mat mekong tap 1,1,0.001145
vuon co tu su,vuon co Tu Su,1,0.001145
tư sự,Tư Sự,1,0.001145
doi mat me kong tap 6,doi mat me kong tap 6,1,0.001145
đôi mắt mê kông tập 6,đôi mắt mê kông tập 6,1,0.001145
doi mat me kong tap 7,doi mat me kong tap 7,1,0.001145
đôi mắt mê kông tập 7,đôi mắt mê kông tập 7,1,0.001145
doi mat me kong tap 8,doi mat me kong tap 8,1,0.001145
đôi mắt mê kông tập 8,đôi mắt mê kông tập 8,1,0.001145
doi mat me kong tap 9,doi mat me kong tap 9,1,0.001145
đôi mắt mê kông tập 9,đôi mắt mê kông tập 9,1,0.001145
doi mat me kong tap 10,doi mat me kong tap 10,1,0.001145
đôi mắt mê kông tập 10,đôi mắt mê kông tập 10,1,0.001145
doi mat me kong tap 11,doi mat me kong tap 11,1,0.001145
đôi mắt mê kông tập 11,đôi mắt mê kông tập 11,1,0.001145
doi mat me kong tap 12,doi mat me kong tap 12,1,0.001145
đôi mắt mê kông tập 12,đôi mắt mê kông tập 12,1,0.001145
doi mat me kong tap 13,doi mat me kong tap 13,1,0.001145
đôi mắt mê kông tập 13,đôi mắt mê kông tập 13,1,0.001145
doi mat me kong tap 14,doi mat me kong tap 14,1,0.001145
đôi mắt mê kông tập 14,đôi mắt mê kông tập 14,1,0.001145
doi mat me kong tap 15,doi mat me kong tap 15,1,0.001145
đôi mắt mê kông tập 15,đôi mắt mê kông tập 15,1,0.001145
doi mat me kong tap 16,doi mat me kong tap 16,1,0.001145
đôi mắt mê kông tập 16,đôi mắt mê kông tập 16,1,0.001145
doi mat me kong tap 17,doi mat me kong tap 17,1,0.001145
đôi mắt mê kông tập 17,đôi mắt mê kông tập 17,1,0.001145
doi mat me kong tap 18,doi mat me kong tap 18,1,0.001145
đôi mắt mê kông tập 18,đôi mắt mê kông tập 18,1,0.001145
đôi mắt mekong tập 19,đôi mắt mekong tập 19,1,0.001145
doi mat mekong tap 19,doi mat mekong tap 19,1,0.001145
dmmk t19,dmmk t19,1,0.001145
doi mat me kong tap 20,doi mat me kong tap 20,1,0.001145
đôi mắt mê kông tập 20,đôi mắt mê kông tập 20,1,0.001145
doi mat me kong tap 21,doi mat me kong tap 21,1,0.001145
đôi mắt mê kông tập 21,đôi mắt mê kông tập 21,1,0.001145
doi mat me kong tap 22,doi mat me kong tap 22,1,0.001145
đôi mắt mê kông tập 22,đôi mắt mê kông tập 22,1,0.001145
doi mat me kong tap 23,doi mat me kong tap 23,1,0.001145
đôi mắt mê kông tập 23,đôi mắt mê kông tập 23,1,0.001145
truyền cảm hứng với tinh thần tự học,Truyền cảm hứng với tinh thần tự học,1,0.001145
hãy làm cho mẹ tự hào,Hãy làm cho mẹ tự hào,1,0.001145
trường đại học y dược,Trường đại học Y Dược,1,0.001145
đại học huế,Đại học Huế,1,0.001145
truyền cảm hứng sống,truyền cảm hứng sống,1,0.001145
hiến máu nhân đạo,hiến máu nhân đạo,1,0.001145
phong trào hiến máu nhân đạo,phong trào hiến máu nhân đạo,1,0.001145
ninh thuận,Ninh Thuận,1,0.001145
giúp đỡ động vật,giúp đỡ động vật,1,0.001145
nặng lượng tích cực,nặng lượng tích cực,1,0.001145
ước mơ làm giàu,ước mơ làm giàu,1,0.001145
trang phục nhật bình,trang phục Nhật Bình,1,0.001145
kỹ thuật móc len,kỹ thuật móc len,1,0.001145
móc len,Móc len,1,0.001145
gen z,gen Z,1,0.001145
trống hang-drum,trống Hang-drum,1,0.001145
tinh thần tương trợ,tinh thần tương trợ,1,0.001145
những bệnh nhân nghèo,những bệnh nhân nghèo,1,0.001145
quảng ngãi,Quảng Ngãi,1,0.001145
chung tay chia sẻ yêu thương,Chung tay chia sẻ yêu thương,1,0.001145
lá đu đủ,lá đu đủ,1,0.001145
thương mại hóa sản phẩm,thương mại hóa sản phẩm,1,0.001145
dự án khởi nghiệp,dự án khởi nghiệp,1,0.001145
ý tưởng và dự án khởi nghiệp,Ý tưởng và dự án khởi nghiệp,1,0.001145
tiết lộ phương pháp thu hút năng lượng tích cực,tiết lộ phương pháp thu hút năng lượng tích cực,1,0.001145
thắp sáng tướng lai,thắp sáng tướng lai,1,0.001145
tình nghĩa đồng bào,tình nghĩa đồng bào,1,0.001145
cuộc thi lan tỏa năng lương tích cực,cuộc thi lan tỏa năng lương tích cực,1,0.001145
biết ơn và trân trọng thiên nhiên,Biết ơn và trân trọng thiên nhiên,1,0.001145
thiên nhiên,thiên nhiên,1,0.001145
lớp học đong đầy yêu thương,Lớp học đong đầy yêu thương,1,0.001145
làng chiếu mãi tươi mới,làng chiếu mãi tươi mới,1,0.001145
du lịch miệt vườn,du lịch miệt vườn,1,0.001145
hoa nhân ái,Hoa nhân ái,1,0.001145
mái ấm của những chú mèo hoang,Mái ấm của những chú mèo hoang,1,0.001145
mèo hoang,mèo hoang,1,0.001145
trung tâm ngoại ngữ,trung tâm ngoại ngữ,1,0.001145
lớp dạy thể dục miễn phí,lớp dạy thể dục miễn phí,1,0.001145
trẻ tự kỉ,trẻ tự kỉ,1,0.001145
trùng tu thánh địa mỹ sơn,trùng tu Thánh địa Mỹ Sơn,1,0.001145
thánh địa mỹ sơn,Thánh địa Mỹ Sơn,1,0.001145
gạch cổ,gạch cổ,1,0.001145
lớp dạy bơi miễn phí,lớp dạy bơi miễn phí,1,0.001145
lớp dạy bơi,lớp dạy bơi,1,0.001145
phụ nữ ba na,Phụ nữ Ba Na,1,0.001145
lớp học đặc biệt,Lớp học đặc biệt,1,0.001145
cơm treo,cơm treo,1,0.001145
cơm từ thiện,cơm từ thiện,1,0.001145
từ thiện,từ thiện,1,0.001145
cơm 0 đồng,cơm 0 đồng,1,0.001145
cơm miễn phí,cơm miễn phí,1,0.001145
hoạt động thiện nguyện,hoạt động thiện nguyện,1,0.001145
thắp sáng niềm tin,Thắp sáng niềm tin,1,0.001145
bệnh vảy nến,Bệnh vảy nến,1,0.001145
giúp đỡ bệnh nhi khó khăn,giúp đỡ bệnh nhi khó khăn,1,0.001145
'hát để sẻ chia,'Hát để sẻ chia,1,0.001145
singing for sharing,Singing For Sharing,1,0.001145
phố ẩm thực vĩnh khánh,phố ẩm thực Vĩnh Khánh,1,0.001145
nâng tầm nông sản việt,nâng tầm nông sản Việt,1,0.001145
nông sản việt,nông sản Việt,1,0.001145
xơ mướp,xơ mướp,1,0.001145
chiến thần’ làm tình nguyện,Chiến thần’ làm tình nguyện,1,0.001145
chiến thần,chiến thần,1,0.001145
tình nguyện viên,tình nguyện viên,1,0.001145
lan tỏa năng lượng tích,Lan tỏa năng lượng tích,1,0.001145
thạch ngọc phúc yên,Thạch Ngọc Phúc Yên,1,0.001145
trung tâm anh ngữ,trung tâm Anh ngữ,1,0.001145
nghề thêu,Nghề thêu,1,0.001145
tranh thêu tay,tranh thêu tay,1,0.001145
phở miễn phí,phở miễn phí,1,0.001145
phở 0 đồng,phở 0 đồng,1,0.001145
thanh âm đại ngàn,Thanh âm đại ngàn,1,0.001145
lan tỏa tinh thần sống đẹp,Lan tỏa tinh thần sống đẹp,1,0.001145
bản làng hạnh phúc,Bản làng hạnh phúc,1,0.001145
làng thái hải,làng Thái Hải,1,0.001145
kỹ sư chân đất,kỹ sư chân đất,1,0.001145
dạy đàn piano,dạy đàn piano,1,0.001145
học đàn piano,học đàn piano,1,0.001145
học đàn,học đàn,1,0.001145
người giữ rừng,Người giữ rừng,1,0.001145
truyền thông,truyền thông,1,0.001145
thiện nguyện khám bệnh miễn phí,thiện nguyện khám bệnh miễn phí,1,0.001145
cuộc thi,Cuộc thi,1,0.001145
cuộc thi lan tỏa năng lượng,cuộc thi lan tỏa năng lượng,1,0.001145
chàng trai tinh thể,chàng trai tinh thể,1,0.001145
tấm lòng của một vị lương y,Tấm lòng của một vị lương y,1,0.001145
lương y,lương y,1,0.001145
lương y nguyễn văn long,lương y Nguyễn Văn Long,1,0.001145
gian hàng 0 đồng,Gian hàng 0 đồng,1,0.001145
ai cần thì đến lấy,Ai cần thì đến lấy,1,0.001145
ai dư thì đến cho,ai dư thì đến cho,1,0.001145
lớp học 0 đồng cho người yêu bếp,Lớp học 0 đồng cho người yêu bếp,1,0.001145
lớp học 0 đồng,Lớp học 0 đồng,1,0.001145
tiệm sửa xe dễ thương,Tiệm sửa xe dễ thương,1,0.001145
đam mê dẫn lối,Đam mê dẫn lối,1,0.001145
hội cựu chiến binh xã tân hòa,Hội Cựu chiến binh xã Tân Hòa,1,0.001145
đội cứu hộ giao thông,Đội cứu hộ giao thông,1,0.001145
nơi tình người tỏa sáng,Nơi tình người tỏa sáng,1,0.001145
trái tim yêu thương,Trái tim yêu thương,1,0.001145
i lan tỏa năng lượng tích cực,i Lan tỏa năng lượng tích cực,1,0.001145
màu của hy vọng,Màu của hy vọng,1,0.001145
cho đi là còn mãi,Cho đi là còn mãi,1,0.001145
sáng tạo,Sáng tạo,1,0.001145
bánh vẽ chân dung,bánh vẽ chân dung,1,0.001145
nhà nuôi yến,nhà nuôi yến,1,0.001145
nuôi yến,nuôi yến,1,0.001145
tổ yến,tổ yến,1,0.001145
những ‘trái tim xanh’,Những ‘trái tim xanh’,1,0.001145
xu thế sống xanh,xu thế sống xanh,1,0.001145
biopicture,BioPicture,1,0.001145
tranh sinh học,tranh sinh học,1,0.001145
lan tỏa văn hóa đọc,lan tỏa văn hóa đọc,1,0.001145
hãy cho nhau những gì ta có thể!,Hãy cho nhau những gì ta có thể!,1,0.001145
bước qua bóng tối,Bước qua bóng tối,1,0.001145
cao đẳng kỹ thuật cao thắng,cao đẳng Kỹ thuật Cao Thắng,1,0.001145
hệ thống bơm nước tự động,hệ thống bơm nước tự động,1,0.001145
bơm nước tự động,bơm nước tự động,1,0.001145
tưới tiêu thông minh,tưới tiêu thông minh,1,0.001145
ứng dụng e-ra,ứng dụng E-Ra,1,0.001145
lan tỏa năng lượng tích cự,Lan tỏa năng lượng tích cự,1,0.001145
gieo mầm đam mê,Gieo mầm đam mê,1,0.001145
