video_id,group,batch,n_keyframes,fps,n_objects,has_clip_features,has_map_keyframes,has_media_info,duration_sec
L21_V001,L21,aic25-b1,307,30.0,307,1,1,1,1262.0
L21_V002,L21,aic25-b1,262,30.0,262,1,1,1,1057.0
L21_V003,L21,aic25-b1,286,25.0,286,1,1,1,1198.0
L21_V005,L21,aic25-b1,223,30.0,223,1,1,1,943.0
L21_V006,L21,aic25-b1,257,30.0,257,1,1,1,1036.0
L21_V007,L21,aic25-b1,209,30.0,209,1,1,1,842.0
L21_V008,L21,aic25-b1,317,25.0,317,1,1,1,1349.0
L21_V009,L21,aic25-b1,287,25.0,287,1,1,1,1160.0
L21_V010,L21,aic25-b1,268,25.0,268,1,1,1,1133.0
L21_V011,L21,aic25-b1,262,25.0,262,1,1,1,1005.0
L21_V012,L21,aic25-b1,225,30.0,225,1,1,1,932.0
L21_V013,L21,aic25-b1,277,30.0,277,1,1,1,1127.0
L21_V014,L21,aic25-b1,288,30.0,288,1,1,1,1117.0
L21_V015,L21,aic25-b1,312,30.0,312,1,1,1,1304.0
L21_V016,L21,aic25-b1,269,30.0,269,1,1,1,1055.0
L21_V017,L21,aic25-b1,230,25.0,230,1,1,1,950.0
L21_V018,L21,aic25-b1,290,25.0,290,1,1,1,1144.0
L21_V019,L21,aic25-b1,265,30.0,265,1,1,1,1101.0
L21_V021,L21,aic25-b1,243,30.0,243,1,1,1,1030.0
L21_V022,L21,aic25-b1,231,30.0,231,1,1,1,978.0
L21_V023,L21,aic25-b1,268,30.0,268,1,1,1,1180.0
L21_V024,L21,aic25-b1,294,25.0,294,1,1,1,1202.0
L21_V025,L21,aic25-b1,286,25.0,286,1,1,1,1180.0
L21_V026,L21,aic25-b1,288,30.0,288,1,1,1,1152.0
L21_V027,L21,aic25-b1,292,30.0,292,1,1,1,1160.0
L21_V028,L21,aic25-b1,235,30.0,235,1,1,1,1019.0
L21_V029,L21,aic25-b1,290,30.0,290,1,1,1,1156.0
L21_V030,L21,aic25-b1,254,30.0,254,1,1,1,1060.0
L21_V031,L21,aic25-b1,285,25.0,285,1,1,1,1101.0
L22_V001,L22,aic25-b1,298,30.0,298,1,1,1,1163.0
L22_V002,L22,aic25-b1,327,25.0,327,1,1,1,1187.0
L22_V003,L22,aic25-b1,315,25.0,315,1,1,1,1225.0
L22_V004,L22,aic25-b1,332,30.0,332,1,1,1,1304.0
L22_V005,L22,aic25-b1,259,30.0,259,1,1,1,1041.0
L22_V006,L22,aic25-b1,331,30.0,331,1,1,1,1287.0
L22_V007,L22,aic25-b1,290,25.0,290,1,1,1,1201.0
L22_V008,L22,aic25-b1,255,25.0,255,1,1,1,1096.0
L22_V009,L22,aic25-b1,281,25.0,281,1,1,1,1077.0
L22_V010,L22,aic25-b1,285,25.0,285,1,1,1,1091.0
L22_V011,L22,aic25-b1,273,30.0,273,1,1,1,1096.0
L22_V012,L22,aic25-b1,283,30.0,283,1,1,1,1205.0
L22_V013,L22,aic25-b1,311,30.0,311,1,1,1,1267.0
L22_V014,L22,aic25-b1,287,30.0,287,1,1,1,1139.0
L22_V015,L22,aic25-b1,301,30.0,301,1,1,1,1308.0
L22_V016,L22,aic25-b1,367,25.0,367,1,1,1,1437.0
L22_V017,L22,aic25-b1,261,25.0,261,1,1,1,1103.0
L22_V018,L22,aic25-b1,351,30.0,351,1,1,1,1377.0
L22_V019,L22,aic25-b1,259,30.0,259,1,1,1,1034.0
L22_V020,L22,aic25-b1,313,30.0,313,1,1,1,1299.0
L22_V021,L22,aic25-b1,319,30.0,319,1,1,1,1271.0
L22_V022,L22,aic25-b1,275,30.0,275,1,1,1,1138.0
L22_V023,L22,aic25-b1,300,25.0,300,1,1,1,1243.0
L22_V024,L22,aic25-b1,297,25.0,297,1,1,1,1268.0
L22_V025,L22,aic25-b1,290,30.0,290,1,1,1,1129.0
L22_V026,L22,aic25-b1,266,30.0,266,1,1,1,1136.0
L22_V027,L22,aic25-b1,266,30.0,266,1,1,1,1107.0
L22_V028,L22,aic25-b1,266,30.0,266,1,1,1,1115.0
L22_V029,L22,aic25-b1,252,30.0,252,1,1,1,1056.0
L22_V030,L22,aic25-b1,285,25.0,285,1,1,1,1118.0
L22_V031,L22,aic25-b1,301,25.0,301,1,1,1,1190.0
L23_V001,L23,aic25-b1,0,25.0,50,1,1,1,176.0
L23_V002,L23,aic25-b1,0,25.0,93,1,1,1,436.0
L23_V003,L23,aic25-b1,0,25.0,69,1,1,1,310.0
L23_V004,L23,aic25-b1,0,25.0,109,1,1,1,397.0
L23_V005,L23,aic25-b1,0,25.0,72,1,1,1,243.0
L23_V006,L23,aic25-b1,0,25.0,119,1,1,1,357.0
L23_V007,L23,aic25-b1,0,25.0,85,1,1,1,395.0
L23_V008,L23,aic25-b1,0,25.0,61,1,1,1,247.0
L23_V009,L23,aic25-b1,0,25.0,61,1,1,1,314.0
L23_V010,L23,aic25-b1,0,25.0,80,1,1,1,312.0
L23_V011,L23,aic25-b1,0,25.0,111,1,1,1,405.0
L23_V012,L23,aic25-b1,0,25.0,96,1,1,1,417.0
L23_V013,L23,aic25-b1,0,25.0,87,1,1,1,371.0
L23_V014,L23,aic25-b1,0,25.0,80,1,1,1,320.0
L23_V015,L23,aic25-b1,0,25.0,75,1,1,1,370.0
L23_V016,L23,aic25-b1,0,25.0,69,1,1,1,336.0
L23_V017,L23,aic25-b1,0,25.0,64,1,1,1,318.0
L23_V018,L23,aic25-b1,0,25.0,108,1,1,1,508.0
L23_V019,L23,aic25-b1,0,25.0,109,1,1,1,541.0
L23_V020,L23,aic25-b1,0,25.0,87,1,1,1,385.0
L23_V021,L23,aic25-b1,0,25.0,139,1,1,1,544.0
L23_V022,L23,aic25-b1,0,25.0,74,1,1,1,365.0
L23_V023,L23,aic25-b1,0,25.0,82,1,1,1,395.0
L23_V024,L23,aic25-b1,0,25.0,105,1,1,1,400.0
L23_V025,L23,aic25-b1,0,25.0,241,1,1,1,860.0
L24_V002,L24,aic25-b1,0,25.0,219,1,1,1,703.0
L24_V003,L24,aic25-b1,0,25.0,240,1,1,1,763.0
L24_V004,L24,aic25-b1,0,25.0,280,1,1,1,936.0
L24_V005,L24,aic25-b1,0,25.0,187,1,1,1,625.0
L24_V006,L24,aic25-b1,0,25.0,158,1,1,1,569.0
L24_V007,L24,aic25-b1,0,25.0,161,1,1,1,570.0
L24_V008,L24,aic25-b1,0,25.0,165,1,1,1,562.0
L24_V009,L24,aic25-b1,0,25.0,158,1,1,1,517.0
L24_V010,L24,aic25-b1,0,25.0,139,1,1,1,469.0
L24_V011,L24,aic25-b1,0,25.0,204,1,1,1,650.0
L24_V012,L24,aic25-b1,0,25.0,47,1,1,1,97.0
L24_V013,L24,aic25-b1,0,25.0,156,1,1,1,522.0
L24_V014,L24,aic25-b1,0,25.0,157,1,1,1,526.0
L24_V015,L24,aic25-b1,0,25.0,187,1,1,1,597.0
L24_V016,L24,aic25-b1,0,25.0,157,1,1,1,564.0
L24_V017,L24,aic25-b1,0,30.0,57,1,1,1,115.0
L24_V018,L24,aic25-b1,0,25.0,203,1,1,1,660.0
L24_V019,L24,aic25-b1,0,30.0,148,1,1,1,520.0
L24_V020,L24,aic25-b1,0,30.0,143,1,1,1,497.0
L24_V021,L24,aic25-b1,0,30.0,157,1,1,1,567.0
L24_V022,L24,aic25-b1,0,30.0,171,1,1,1,591.0
L24_V023,L24,aic25-b1,0,30.0,175,1,1,1,605.0
L24_V024,L24,aic25-b1,0,30.0,168,1,1,1,564.0
L24_V025,L24,aic25-b1,0,30.0,162,1,1,1,562.0
L24_V026,L24,aic25-b1,0,25.0,181,1,1,1,570.0
L24_V027,L24,aic25-b1,0,30.0,159,1,1,1,569.0
L24_V028,L24,aic25-b1,0,30.0,176,1,1,1,569.0
L24_V029,L24,aic25-b1,0,30.0,168,1,1,1,554.0
L24_V030,L24,aic25-b1,0,30.0,185,1,1,1,645.0
L24_V031,L24,aic25-b1,0,30.0,177,1,1,1,569.0
L24_V032,L24,aic25-b1,0,25.0,212,1,1,1,716.0
L24_V033,L24,aic25-b1,0,30.0,173,1,1,1,587.0
L24_V035,L24,aic25-b1,0,30.0,193,1,1,1,662.0
L24_V036,L24,aic25-b1,0,30.0,83,1,1,1,294.0
L24_V037,L24,aic25-b1,0,30.0,185,1,1,1,639.0
L24_V038,L24,aic25-b1,0,30.0,149,1,1,1,508.0
L24_V039,L24,aic25-b1,0,30.0,146,1,1,1,520.0
L24_V040,L24,aic25-b1,0,30.0,65,1,1,1,38.0
L24_V041,L24,aic25-b1,0,30.0,36,1,1,1,36.0
L24_V042,L24,aic25-b1,0,30.0,180,1,1,1,556.0
L24_V043,L24,aic25-b1,0,25.0,227,1,1,1,688.0
L24_V044,L24,aic25-b1,0,26.44,42,1,1,1,35.0
L24_V045,L24,aic25-b1,0,30.0,45,1,1,1,33.0
L25_V001,L25,aic25-b1,0,25.0,438,1,1,1,1603.0
L25_V002,L25,aic25-b1,0,25.0,352,1,1,1,1140.0
L25_V003,L25,aic25-b1,0,25.0,352,1,1,1,1162.0
L25_V004,L25,aic25-b1,0,29.97,345,1,1,1,998.0
L25_V005,L25,aic25-b1,0,29.97,543,1,1,1,1909.0
L25_V006,L25,aic25-b1,0,25.0,352,1,1,1,1123.0
L25_V007,L25,aic25-b1,0,25.0,632,1,1,1,2735.0
L25_V008,L25,aic25-b1,0,29.97,394,1,1,1,1212.0
L25_V009,L25,aic25-b1,0,25.0,305,1,1,1,846.0
L25_V010,L25,aic25-b1,0,25.0,529,1,1,1,2205.0
L25_V011,L25,aic25-b1,0,25.0,318,1,1,1,895.0
L25_V012,L25,aic25-b1,0,25.0,371,1,1,1,1241.0
L25_V013,L25,aic25-b1,0,29.97,397,1,1,1,1192.0
L25_V014,L25,aic25-b1,0,29.97,463,1,1,1,1591.0
L25_V015,L25,aic25-b1,0,25.0,383,1,1,1,1329.0
L25_V016,L25,aic25-b1,0,25.0,423,1,1,1,1592.0
L25_V017,L25,aic25-b1,0,29.97,374,1,1,1,1137.0
L25_V018,L25,aic25-b1,0,25.0,445,1,1,1,1662.0
L25_V019,L25,aic25-b1,0,25.0,321,1,1,1,892.0
L25_V020,L25,aic25-b1,0,25.0,361,1,1,1,1195.0
L25_V021,L25,aic25-b1,0,29.97,395,1,1,1,1163.0
L25_V022,L25,aic25-b1,0,29.97,493,1,1,1,1640.0
L25_V023,L25,aic25-b1,0,25.0,412,1,1,1,1478.0
L25_V024,L25,aic25-b1,0,25.0,397,1,1,1,1435.0
L25_V025,L25,aic25-b1,0,29.97,501,1,1,1,1687.0
L25_V026,L25,aic25-b1,0,25.0,437,1,1,1,1650.0
L25_V027,L25,aic25-b1,0,25.0,463,1,1,1,1779.0
L25_V028,L25,aic25-b1,0,25.0,305,1,1,1,878.0
L25_V029,L25,aic25-b1,0,25.0,389,1,1,1,1355.0
L25_V030,L25,aic25-b1,0,29.97,398,1,1,1,1287.0
L25_V031,L25,aic25-b1,0,29.97,397,1,1,1,1261.0
L25_V032,L25,aic25-b1,0,25.0,441,1,1,1,1661.0
L25_V033,L25,aic25-b1,0,25.0,482,1,1,1,1929.0
L25_V034,L25,aic25-b1,0,29.97,427,1,1,1,1373.0
L25_V035,L25,aic25-b1,0,25.0,378,1,1,1,1300.0
L25_V036,L25,aic25-b1,0,25.0,472,1,1,1,1806.0
L25_V037,L25,aic25-b1,0,25.0,318,1,1,1,879.0
L25_V038,L25,aic25-b1,0,25.0,394,1,1,1,1366.0
L25_V039,L25,aic25-b1,0,29.97,459,1,1,1,1533.0
L25_V040,L25,aic25-b1,0,29.97,387,1,1,1,1164.0
L25_V041,L25,aic25-b1,0,25.0,401,1,1,1,1428.0
L25_V042,L25,aic25-b1,0,25.0,497,1,1,1,1929.0
L25_V043,L25,aic25-b1,0,29.97,487,1,1,1,1695.0
L25_V044,L25,aic25-b1,0,25.0,364,1,1,1,1213.0
L25_V045,L25,aic25-b1,0,25.0,398,1,1,1,1381.0
L25_V046,L25,aic25-b1,0,25.0,339,1,1,1,1006.0
L25_V047,L25,aic25-b1,0,25.0,380,1,1,1,1326.0
L25_V048,L25,aic25-b1,0,29.97,597,1,1,1,2071.0
L25_V049,L25,aic25-b1,0,29.97,530,1,1,1,1876.0
L25_V050,L25,aic25-b1,0,25.0,446,1,1,1,1635.0
L25_V051,L25,aic25-b1,0,25.0,505,1,1,1,2017.0
L25_V052,L25,aic25-b1,0,29.97,527,1,1,1,1894.0
L25_V053,L25,aic25-b1,0,25.0,335,1,1,1,1017.0
L25_V054,L25,aic25-b1,0,25.0,582,1,1,1,2518.0
L25_V055,L25,aic25-b1,0,25.0,339,1,1,1,1042.0
L25_V056,L25,aic25-b1,0,25.0,408,1,1,1,1431.0
L25_V057,L25,aic25-b1,0,29.97,398,1,1,1,1168.0
L25_V058,L25,aic25-b1,0,29.97,443,1,1,1,1501.0
L25_V059,L25,aic25-b1,0,25.0,381,1,1,1,1320.0
L25_V060,L25,aic25-b1,0,25.0,426,1,1,1,1583.0
L25_V061,L25,aic25-b1,0,29.97,472,1,1,1,1555.0
L25_V062,L25,aic25-b1,0,25.0,373,1,1,1,1252.0
L25_V063,L25,aic25-b1,0,25.0,403,1,1,1,1415.0
L25_V064,L25,aic25-b1,0,25.0,374,1,1,1,1215.0
L25_V065,L25,aic25-b1,0,25.0,356,1,1,1,1145.0
L25_V066,L25,aic25-b1,0,29.97,407,1,1,1,1234.0
L25_V067,L25,aic25-b1,0,29.97,464,1,1,1,1625.0
L25_V068,L25,aic25-b1,0,25.0,450,1,1,1,1755.0
L25_V069,L25,aic25-b1,0,25.0,496,1,1,1,1939.0
L25_V070,L25,aic25-b1,0,29.97,438,1,1,1,1448.0
L25_V071,L25,aic25-b1,0,25.0,335,1,1,1,988.0
L25_V072,L25,aic25-b1,0,25.0,329,1,1,1,977.0
L25_V073,L25,aic25-b1,0,25.0,392,1,1,1,1336.0
L25_V074,L25,aic25-b1,0,29.97,535,1,1,1,1918.0
L25_V075,L25,aic25-b1,0,25.0,448,1,1,1,1736.0
L25_V076,L25,aic25-b1,0,25.0,403,1,1,1,1529.0
L25_V077,L25,aic25-b1,0,29.97,518,1,1,1,1810.0
L25_V078,L25,aic25-b1,0,29.97,438,1,1,1,1516.0
L25_V079,L25,aic25-b1,0,25.0,339,1,1,1,1041.0
L25_V080,L25,aic25-b1,0,25.0,404,1,1,1,1418.0
L25_V081,L25,aic25-b1,0,25.0,543,1,1,1,2267.0
L25_V082,L25,aic25-b1,0,25.0,363,1,1,1,1179.0
L25_V083,L25,aic25-b1,0,25.0,345,1,1,1,1087.0
L25_V084,L25,aic25-b1,0,29.97,599,1,1,1,2189.0
L25_V085,L25,aic25-b1,0,29.97,599,1,1,1,2291.0
L25_V086,L25,aic25-b1,0,25.0,529,1,1,1,2164.0
L25_V087,L25,aic25-b1,0,25.0,440,1,1,1,1629.0
L25_V088,L25,aic25-b1,0,29.97,427,1,1,1,1447.0
L26_V001,L26,aic25-b1,0,25.0,125,1,1,1,296.0
L26_V002,L26,aic25-b1,0,25.0,122,1,1,1,298.0
L26_V003,L26,aic25-b1,0,25.0,122,1,1,1,294.0
L26_V004,L26,aic25-b1,0,25.0,123,1,1,1,294.0
L26_V005,L26,aic25-b1,0,25.0,129,1,1,1,293.0
L26_V006,L26,aic25-b1,0,25.0,120,1,1,1,292.0
L26_V007,L26,aic25-b1,0,25.0,130,1,1,1,313.0
L26_V008,L26,aic25-b1,0,25.0,141,1,1,1,333.0
L26_V009,L26,aic25-b1,0,25.0,132,1,1,1,310.0
L26_V010,L26,aic25-b1,0,25.0,112,1,1,1,278.0
L26_V011,L26,aic25-b1,0,25.0,116,1,1,1,282.0
L26_V012,L26,aic25-b1,0,25.0,151,1,1,1,357.0
L26_V013,L26,aic25-b1,0,25.0,154,1,1,1,339.0
L26_V014,L26,aic25-b1,0,25.0,139,1,1,1,311.0
L26_V015,L26,aic25-b1,0,25.0,173,1,1,1,375.0
L26_V016,L26,aic25-b1,0,25.0,149,1,1,1,332.0
L26_V017,L26,aic25-b1,0,25.0,129,1,1,1,300.0
L26_V018,L26,aic25-b1,0,25.0,126,1,1,1,297.0
L26_V019,L26,aic25-b1,0,25.0,124,1,1,1,295.0
L26_V020,L26,aic25-b1,0,25.0,130,1,1,1,303.0
L26_V021,L26,aic25-b1,0,25.0,146,1,1,1,350.0
L26_V022,L26,aic25-b1,0,25.0,126,1,1,1,289.0
L26_V023,L26,aic25-b1,0,25.0,117,1,1,1,275.0
L26_V024,L26,aic25-b1,0,25.0,138,1,1,1,327.0
L26_V025,L26,aic25-b1,0,25.0,132,1,1,1,317.0
L26_V026,L26,aic25-b1,0,25.0,120,1,1,1,296.0
L26_V027,L26,aic25-b1,0,25.0,139,1,1,1,327.0
L26_V028,L26,aic25-b1,0,25.0,123,1,1,1,289.0
L26_V029,L26,aic25-b1,0,25.0,131,1,1,1,309.0
L26_V030,L26,aic25-b1,0,25.0,120,1,1,1,273.0
L26_V031,L26,aic25-b1,0,25.0,136,1,1,1,317.0
L26_V032,L26,aic25-b1,0,25.0,161,1,1,1,352.0
L26_V033,L26,aic25-b1,0,25.0,142,1,1,1,341.0
L26_V034,L26,aic25-b1,0,25.0,145,1,1,1,341.0
L26_V035,L26,aic25-b1,0,25.0,146,1,1,1,325.0
L26_V036,L26,aic25-b1,0,25.0,147,1,1,1,317.0
L26_V037,L26,aic25-b1,0,25.0,176,1,1,1,324.0
L26_V038,L26,aic25-b1,0,25.0,134,1,1,1,318.0
L26_V039,L26,aic25-b1,0,25.0,167,1,1,1,359.0
L26_V040,L26,aic25-b1,0,25.0,168,1,1,1,319.0
L26_V041,L26,aic25-b1,0,25.0,145,1,1,1,330.0
L26_V042,L26,aic25-b1,0,25.0,129,1,1,1,292.0
L26_V043,L26,aic25-b1,0,25.0,133,1,1,1,311.0
L26_V044,L26,aic25-b1,0,25.0,145,1,1,1,324.0
L26_V045,L26,aic25-b1,0,25.0,118,1,1,1,329.0
L26_V046,L26,aic25-b1,0,25.0,147,1,1,1,322.0
L26_V047,L26,aic25-b1,0,25.0,138,1,1,1,330.0
L26_V048,L26,aic25-b1,0,25.0,138,1,1,1,327.0
L26_V049,L26,aic25-b1,0,25.0,139,1,1,1,330.0
L26_V050,L26,aic25-b1,0,25.0,149,1,1,1,330.0
L26_V051,L26,aic25-b1,0,25.0,131,1,1,1,311.0
L26_V052,L26,aic25-b1,0,25.0,145,1,1,1,332.0
L26_V053,L26,aic25-b1,0,25.0,129,1,1,1,315.0
L26_V054,L26,aic25-b1,0,25.0,142,1,1,1,329.0
L26_V055,L26,aic25-b1,0,25.0,211,1,1,1,326.0
L26_V056,L26,aic25-b1,0,25.0,146,1,1,1,323.0
L26_V057,L26,aic25-b1,0,25.0,140,1,1,1,329.0
L26_V058,L26,aic25-b1,0,25.0,147,1,1,1,331.0
L26_V059,L26,aic25-b1,0,25.0,140,1,1,1,322.0
L26_V060,L26,aic25-b1,0,25.0,135,1,1,1,328.0
L26_V061,L26,aic25-b1,0,25.0,153,1,1,1,324.0
L26_V062,L26,aic25-b1,0,25.0,154,1,1,1,329.0
L26_V063,L26,aic25-b1,0,25.0,140,1,1,1,323.0
L26_V064,L26,aic25-b1,0,25.0,136,1,1,1,321.0
L26_V065,L26,aic25-b1,0,25.0,158,1,1,1,327.0
L26_V066,L26,aic25-b1,0,25.0,154,1,1,1,328.0
L26_V067,L26,aic25-b1,0,25.0,143,1,1,1,330.0
L26_V068,L26,aic25-b1,0,25.0,162,1,1,1,329.0
L26_V069,L26,aic25-b1,0,25.0,159,1,1,1,331.0
L26_V070,L26,aic25-b1,0,25.0,153,1,1,1,319.0
L26_V071,L26,aic25-b1,0,25.0,142,1,1,1,323.0
L26_V072,L26,aic25-b1,0,25.0,157,1,1,1,327.0
L26_V073,L26,aic25-b1,0,25.0,154,1,1,1,330.0
L26_V074,L26,aic25-b1,0,25.0,155,1,1,1,327.0
L26_V075,L26,aic25-b1,0,25.0,195,1,1,1,329.0
L26_V076,L26,aic25-b1,0,25.0,157,1,1,1,324.0
L26_V077,L26,aic25-b1,0,25.0,165,1,1,1,329.0
L26_V078,L26,aic25-b1,0,25.0,152,1,1,1,323.0
L26_V079,L26,aic25-b1,0,25.0,152,1,1,1,331.0
L26_V080,L26,aic25-b1,0,25.0,146,1,1,1,305.0
L26_V081,L26,aic25-b1,0,25.0,145,1,1,1,321.0
L26_V082,L26,aic25-b1,0,25.0,163,1,1,1,327.0
L26_V083,L26,aic25-b1,0,25.0,161,1,1,1,329.0
L26_V084,L26,aic25-b1,0,25.0,159,1,1,1,328.0
L26_V085,L26,aic25-b1,0,25.0,146,1,1,1,315.0
L26_V086,L26,aic25-b1,0,25.0,144,1,1,1,327.0
L26_V087,L26,aic25-b1,0,25.0,145,1,1,1,319.0
L26_V088,L26,aic25-b1,0,25.0,155,1,1,1,322.0
L26_V089,L26,aic25-b1,0,25.0,143,1,1,1,308.0
L26_V090,L26,aic25-b1,0,25.0,132,1,1,1,309.0
L26_V091,L26,aic25-b1,0,25.0,152,1,1,1,329.0
L26_V092,L26,aic25-b1,0,25.0,154,1,1,1,325.0
L26_V093,L26,aic25-b1,0,25.0,158,1,1,1,328.0
L26_V094,L26,aic25-b1,0,25.0,144,1,1,1,323.0
L26_V095,L26,aic25-b1,0,25.0,155,1,1,1,328.0
L26_V096,L26,aic25-b1,0,25.0,153,1,1,1,328.0
L26_V097,L26,aic25-b1,0,25.0,153,1,1,1,329.0
L26_V098,L26,aic25-b1,0,25.0,135,1,1,1,325.0
L26_V099,L26,aic25-b1,0,25.0,143,1,1,1,327.0
L26_V100,L26,aic25-b1,0,25.0,141,1,1,1,325.0
L26_V101,L26,aic25-b1,0,25.0,154,1,1,1,324.0
L26_V102,L26,aic25-b1,0,25.0,154,1,1,1,328.0
L26_V103,L26,aic25-b1,0,25.0,154,1,1,1,322.0
L26_V104,L26,aic25-b1,0,25.0,155,1,1,1,330.0
L26_V105,L26,aic25-b1,0,25.0,151,1,1,1,321.0
L26_V106,L26,aic25-b1,0,25.0,138,1,1,1,312.0
L26_V107,L26,aic25-b1,0,25.0,140,1,1,1,300.0
L26_V108,L26,aic25-b1,0,25.0,152,1,1,1,320.0
L26_V109,L26,aic25-b1,0,25.0,178,1,1,1,326.0
L26_V110,L26,aic25-b1,0,25.0,154,1,1,1,304.0
L26_V111,L26,aic25-b1,0,25.0,150,1,1,1,313.0
L26_V112,L26,aic25-b1,0,25.0,153,1,1,1,313.0
L26_V113,L26,aic25-b1,0,25.0,169,1,1,1,331.0
L26_V114,L26,aic25-b1,0,25.0,154,1,1,1,326.0
L26_V115,L26,aic25-b1,0,25.0,157,1,1,1,323.0
L26_V116,L26,aic25-b1,0,25.0,154,1,1,1,321.0
L26_V117,L26,aic25-b1,0,25.0,146,1,1,1,327.0
L26_V118,L26,aic25-b1,0,25.0,146,1,1,1,329.0
L26_V119,L26,aic25-b1,0,25.0,158,1,1,1,327.0
L26_V120,L26,aic25-b1,0,25.0,150,1,1,1,323.0
L26_V121,L26,aic25-b1,0,25.0,148,1,1,1,324.0
L26_V122,L26,aic25-b1,0,25.0,158,1,1,1,329.0
L26_V123,L26,aic25-b1,0,25.0,154,1,1,1,328.0
L26_V124,L26,aic25-b1,0,25.0,169,1,1,1,330.0
L26_V125,L26,aic25-b1,0,25.0,151,1,1,1,326.0
L26_V126,L26,aic25-b1,0,25.0,154,1,1,1,321.0
L26_V127,L26,aic25-b1,0,25.0,155,1,1,1,327.0
L26_V128,L26,aic25-b1,0,25.0,159,1,1,1,324.0
L26_V129,L26,aic25-b1,0,25.0,142,1,1,1,325.0
L26_V130,L26,aic25-b1,0,25.0,139,1,1,1,320.0
L26_V131,L26,aic25-b1,0,25.0,146,1,1,1,324.0
L26_V132,L26,aic25-b1,0,25.0,153,1,1,1,326.0
L26_V133,L26,aic25-b1,0,25.0,159,1,1,1,329.0
L26_V134,L26,aic25-b1,0,25.0,162,1,1,1,325.0
L26_V135,L26,aic25-b1,0,25.0,156,1,1,1,327.0
L26_V136,L26,aic25-b1,0,25.0,155,1,1,1,328.0
L26_V137,L26,aic25-b1,0,25.0,146,1,1,1,326.0
L26_V138,L26,aic25-b1,0,25.0,149,1,1,1,321.0
L26_V139,L26,aic25-b1,0,25.0,160,1,1,1,327.0
L26_V140,L26,aic25-b1,0,25.0,148,1,1,1,320.0
L26_V141,L26,aic25-b1,0,25.0,157,1,1,1,325.0
L26_V142,L26,aic25-b1,0,25.0,156,1,1,1,330.0
L26_V143,L26,aic25-b1,0,25.0,158,1,1,1,332.0
L26_V144,L26,aic25-b1,0,25.0,146,1,1,1,326.0
L26_V145,L26,aic25-b1,0,25.0,155,1,1,1,327.0
L26_V146,L26,aic25-b1,0,25.0,157,1,1,1,333.0
L26_V147,L26,aic25-b1,0,25.0,158,1,1,1,326.0
L26_V148,L26,aic25-b1,0,25.0,159,1,1,1,328.0
L26_V149,L26,aic25-b1,0,25.0,138,1,1,1,320.0
L26_V150,L26,aic25-b1,0,25.0,125,1,1,1,308.0
L26_V151,L26,aic25-b1,0,25.0,159,1,1,1,331.0
L26_V152,L26,aic25-b1,0,25.0,165,1,1,1,330.0
L26_V153,L26,aic25-b1,0,25.0,147,1,1,1,328.0
L26_V154,L26,aic25-b1,0,25.0,145,1,1,1,326.0
L26_V155,L26,aic25-b1,0,25.0,155,1,1,1,325.0
L26_V156,L26,aic25-b1,0,25.0,156,1,1,1,328.0
L26_V157,L26,aic25-b1,0,25.0,161,1,1,1,327.0
L26_V158,L26,aic25-b1,0,25.0,152,1,1,1,328.0
L26_V159,L26,aic25-b1,0,25.0,157,1,1,1,322.0
L26_V160,L26,aic25-b1,0,25.0,146,1,1,1,321.0
L26_V161,L26,aic25-b1,0,25.0,152,1,1,1,324.0
L26_V162,L26,aic25-b1,0,25.0,139,1,1,1,327.0
L26_V163,L26,aic25-b1,0,25.0,146,1,1,1,326.0
L26_V164,L26,aic25-b1,0,25.0,137,1,1,1,323.0
L26_V165,L26,aic25-b1,0,25.0,140,1,1,1,316.0
L26_V166,L26,aic25-b1,0,25.0,146,1,1,1,326.0
L26_V167,L26,aic25-b1,0,25.0,159,1,1,1,326.0
L26_V168,L26,aic25-b1,0,25.0,155,1,1,1,317.0
L26_V169,L26,aic25-b1,0,25.0,178,1,1,1,321.0
L26_V170,L26,aic25-b1,0,25.0,158,1,1,1,322.0
L26_V171,L26,aic25-b1,0,25.0,183,1,1,1,321.0
L26_V172,L26,aic25-b1,0,25.0,213,1,1,1,323.0
L26_V173,L26,aic25-b1,0,25.0,174,1,1,1,321.0
L26_V174,L26,aic25-b1,0,25.0,173,1,1,1,324.0
L26_V175,L26,aic25-b1,0,25.0,161,1,1,1,320.0
L26_V176,L26,aic25-b1,0,25.0,151,1,1,1,323.0
L26_V177,L26,aic25-b1,0,25.0,177,1,1,1,322.0
L26_V178,L26,aic25-b1,0,25.0,193,1,1,1,331.0
L26_V179,L26,aic25-b1,0,25.0,170,1,1,1,323.0
L26_V180,L26,aic25-b1,0,25.0,174,1,1,1,313.0
L26_V181,L26,aic25-b1,0,25.0,165,1,1,1,323.0
L26_V182,L26,aic25-b1,0,25.0,135,1,1,1,300.0
L26_V183,L26,aic25-b1,0,25.0,181,1,1,1,327.0
L26_V184,L26,aic25-b1,0,25.0,153,1,1,1,320.0
L26_V185,L26,aic25-b1,0,25.0,162,1,1,1,322.0
L26_V186,L26,aic25-b1,0,25.0,171,1,1,1,324.0
L26_V187,L26,aic25-b1,0,25.0,153,1,1,1,320.0
L26_V188,L26,aic25-b1,0,25.0,158,1,1,1,321.0
L26_V189,L26,aic25-b1,0,25.0,143,1,1,1,295.0
L26_V190,L26,aic25-b1,0,25.0,152,1,1,1,310.0
L26_V191,L26,aic25-b1,0,25.0,147,1,1,1,294.0
L26_V192,L26,aic25-b1,0,25.0,160,1,1,1,319.0
L26_V193,L26,aic25-b1,0,25.0,155,1,1,1,313.0
L26_V194,L26,aic25-b1,0,25.0,155,1,1,1,318.0
L26_V195,L26,aic25-b1,0,25.0,184,1,1,1,325.0
L26_V196,L26,aic25-b1,0,25.0,139,1,1,1,310.0
L26_V197,L26,aic25-b1,0,25.0,175,1,1,1,318.0
L26_V198,L26,aic25-b1,0,25.0,166,1,1,1,318.0
L26_V199,L26,aic25-b1,0,25.0,170,1,1,1,322.0
L26_V200,L26,aic25-b1,0,25.0,157,1,1,1,322.0
L26_V201,L26,aic25-b1,0,25.0,157,1,1,1,319.0
L26_V202,L26,aic25-b1,0,25.0,164,1,1,1,321.0
L26_V203,L26,aic25-b1,0,25.0,196,1,1,1,327.0
L26_V204,L26,aic25-b1,0,25.0,164,1,1,1,325.0
L26_V205,L26,aic25-b1,0,25.0,165,1,1,1,319.0
L26_V206,L26,aic25-b1,0,25.0,167,1,1,1,319.0
L26_V207,L26,aic25-b1,0,25.0,156,1,1,1,316.0
L26_V208,L26,aic25-b1,0,25.0,191,1,1,1,324.0
L26_V209,L26,aic25-b1,0,25.0,279,1,1,1,319.0
L26_V210,L26,aic25-b1,0,25.0,206,1,1,1,319.0
L26_V211,L26,aic25-b1,0,25.0,159,1,1,1,320.0
L26_V212,L26,aic25-b1,0,25.0,189,1,1,1,325.0
L26_V213,L26,aic25-b1,0,25.0,201,1,1,1,312.0
L26_V214,L26,aic25-b1,0,25.0,170,1,1,1,324.0
L26_V215,L26,aic25-b1,0,25.0,153,1,1,1,300.0
L26_V216,L26,aic25-b1,0,25.0,163,1,1,1,318.0
L26_V217,L26,aic25-b1,0,25.0,159,1,1,1,326.0
L26_V218,L26,aic25-b1,0,25.0,180,1,1,1,317.0
L26_V219,L26,aic25-b1,0,25.0,156,1,1,1,319.0
L26_V220,L26,aic25-b1,0,25.0,171,1,1,1,324.0
L26_V221,L26,aic25-b1,0,25.0,138,1,1,1,299.0
L26_V222,L26,aic25-b1,0,25.0,164,1,1,1,316.0
L26_V223,L26,aic25-b1,0,25.0,162,1,1,1,311.0
L26_V224,L26,aic25-b1,0,25.0,169,1,1,1,322.0
L26_V225,L26,aic25-b1,0,25.0,159,1,1,1,323.0
L26_V226,L26,aic25-b1,0,25.0,177,1,1,1,328.0
L26_V227,L26,aic25-b1,0,25.0,170,1,1,1,325.0
L26_V228,L26,aic25-b1,0,25.0,146,1,1,1,291.0
L26_V229,L26,aic25-b1,0,25.0,175,1,1,1,319.0
L26_V230,L26,aic25-b1,0,25.0,159,1,1,1,317.0
L26_V231,L26,aic25-b1,0,25.0,166,1,1,1,322.0
L26_V232,L26,aic25-b1,0,25.0,187,1,1,1,325.0
L26_V233,L26,aic25-b1,0,25.0,147,1,1,1,296.0
L26_V234,L26,aic25-b1,0,25.0,183,1,1,1,326.0
L26_V235,L26,aic25-b1,0,25.0,163,1,1,1,309.0
L26_V236,L26,aic25-b1,0,25.0,144,1,1,1,301.0
L26_V237,L26,aic25-b1,0,25.0,169,1,1,1,317.0
L26_V238,L26,aic25-b1,0,25.0,149,1,1,1,309.0
L26_V239,L26,aic25-b1,0,25.0,169,1,1,1,319.0
L26_V240,L26,aic25-b1,0,25.0,158,1,1,1,294.0
L26_V241,L26,aic25-b1,0,25.0,168,1,1,1,310.0
L26_V242,L26,aic25-b1,0,25.0,165,1,1,1,317.0
L26_V243,L26,aic25-b1,0,25.0,179,1,1,1,318.0
L26_V244,L26,aic25-b1,0,25.0,163,1,1,1,322.0
L26_V245,L26,aic25-b1,0,25.0,159,1,1,1,319.0
L26_V246,L26,aic25-b1,0,25.0,157,1,1,1,319.0
L26_V247,L26,aic25-b1,0,25.0,171,1,1,1,319.0
L26_V248,L26,aic25-b1,0,25.0,165,1,1,1,319.0
L26_V249,L26,aic25-b1,0,25.0,174,1,1,1,318.0
L26_V250,L26,aic25-b1,0,25.0,182,1,1,1,320.0
L26_V251,L26,aic25-b1,0,25.0,160,1,1,1,319.0
L26_V252,L26,aic25-b1,0,25.0,159,1,1,1,319.0
L26_V253,L26,aic25-b1,0,25.0,162,1,1,1,318.0
L26_V254,L26,aic25-b1,0,25.0,169,1,1,1,312.0
L26_V255,L26,aic25-b1,0,25.0,163,1,1,1,312.0
L26_V256,L26,aic25-b1,0,25.0,167,1,1,1,320.0
L26_V257,L26,aic25-b1,0,25.0,165,1,1,1,324.0
L26_V258,L26,aic25-b1,0,25.0,163,1,1,1,323.0
L26_V259,L26,aic25-b1,0,25.0,168,1,1,1,322.0
L26_V260,L26,aic25-b1,0,25.0,162,1,1,1,322.0
L26_V261,L26,aic25-b1,0,25.0,174,1,1,1,328.0
L26_V262,L26,aic25-b1,0,25.0,165,1,1,1,320.0
L26_V263,L26,aic25-b1,0,25.0,163,1,1,1,324.0
L26_V264,L26,aic25-b1,0,25.0,163,1,1,1,325.0
L26_V265,L26,aic25-b1,0,25.0,167,1,1,1,325.0
L26_V266,L26,aic25-b1,0,25.0,164,1,1,1,325.0
L26_V267,L26,aic25-b1,0,25.0,176,1,1,1,321.0
L26_V268,L26,aic25-b1,0,25.0,187,1,1,1,326.0
L26_V269,L26,aic25-b1,0,25.0,182,1,1,1,325.0
L26_V270,L26,aic25-b1,0,25.0,173,1,1,1,321.0
L26_V271,L26,aic25-b1,0,25.0,168,1,1,1,322.0
L26_V272,L26,aic25-b1,0,25.0,181,1,1,1,327.0
L26_V273,L26,aic25-b1,0,25.0,162,1,1,1,320.0
L26_V274,L26,aic25-b1,0,25.0,193,1,1,1,325.0
L26_V275,L26,aic25-b1,0,25.0,168,1,1,1,325.0
L26_V276,L26,aic25-b1,0,25.0,172,1,1,1,327.0
L26_V277,L26,aic25-b1,0,25.0,179,1,1,1,325.0
L26_V278,L26,aic25-b1,0,25.0,166,1,1,1,327.0
L26_V279,L26,aic25-b1,0,25.0,156,1,1,1,315.0
L26_V280,L26,aic25-b1,0,25.0,157,1,1,1,319.0
L26_V281,L26,aic25-b1,0,25.0,173,1,1,1,323.0
L26_V282,L26,aic25-b1,0,25.0,138,1,1,1,315.0
L26_V283,L26,aic25-b1,0,25.0,162,1,1,1,327.0
L26_V284,L26,aic25-b1,0,25.0,158,1,1,1,325.0
L26_V285,L26,aic25-b1,0,25.0,170,1,1,1,324.0
L26_V286,L26,aic25-b1,0,25.0,164,1,1,1,327.0
L26_V287,L26,aic25-b1,0,25.0,138,1,1,1,318.0
L26_V288,L26,aic25-b1,0,25.0,156,1,1,1,327.0
L26_V289,L26,aic25-b1,0,25.0,144,1,1,1,304.0
L26_V290,L26,aic25-b1,0,25.0,164,1,1,1,317.0
L26_V291,L26,aic25-b1,0,25.0,160,1,1,1,298.0
L26_V292,L26,aic25-b1,0,25.0,175,1,1,1,330.0
L26_V293,L26,aic25-b1,0,25.0,157,1,1,1,319.0
L26_V294,L26,aic25-b1,0,25.0,161,1,1,1,320.0
L26_V295,L26,aic25-b1,0,25.0,161,1,1,1,322.0
L26_V296,L26,aic25-b1,0,25.0,178,1,1,1,308.0
L26_V297,L26,aic25-b1,0,25.0,156,1,1,1,309.0
L26_V298,L26,aic25-b1,0,25.0,166,1,1,1,308.0
L26_V299,L26,aic25-b1,0,25.0,156,1,1,1,307.0
L26_V300,L26,aic25-b1,0,25.0,162,1,1,1,313.0
L26_V301,L26,aic25-b1,0,25.0,158,1,1,1,306.0
L26_V302,L26,aic25-b1,0,25.0,169,1,1,1,310.0
L26_V303,L26,aic25-b1,0,25.0,151,1,1,1,317.0
L26_V304,L26,aic25-b1,0,25.0,143,1,1,1,312.0
L26_V305,L26,aic25-b1,0,25.0,161,1,1,1,319.0
L26_V306,L26,aic25-b1,0,25.0,161,1,1,1,317.0
L26_V307,L26,aic25-b1,0,25.0,165,1,1,1,324.0
L26_V308,L26,aic25-b1,0,25.0,164,1,1,1,320.0
L26_V309,L26,aic25-b1,0,25.0,145,1,1,1,312.0
L26_V310,L26,aic25-b1,0,25.0,152,1,1,1,292.0
L26_V311,L26,aic25-b1,0,25.0,162,1,1,1,321.0
L26_V312,L26,aic25-b1,0,25.0,171,1,1,1,321.0
L26_V313,L26,aic25-b1,0,25.0,170,1,1,1,324.0
L26_V314,L26,aic25-b1,0,25.0,163,1,1,1,321.0
L26_V315,L26,aic25-b1,0,25.0,131,1,1,1,307.0
L26_V316,L26,aic25-b1,0,25.0,171,1,1,1,325.0
L26_V317,L26,aic25-b1,0,25.0,159,1,1,1,316.0
L26_V318,L26,aic25-b1,0,25.0,176,1,1,1,309.0
L26_V319,L26,aic25-b1,0,25.0,153,1,1,1,309.0
L26_V320,L26,aic25-b1,0,25.0,188,1,1,1,306.0
L26_V321,L26,aic25-b1,0,25.0,162,1,1,1,308.0
L26_V322,L26,aic25-b1,0,25.0,154,1,1,1,307.0
L26_V323,L26,aic25-b1,0,25.0,159,1,1,1,305.0
L26_V324,L26,aic25-b1,0,25.0,176,1,1,1,308.0
L26_V325,L26,aic25-b1,0,25.0,149,1,1,1,308.0
L26_V326,L26,aic25-b1,0,25.0,163,1,1,1,304.0
L26_V327,L26,aic25-b1,0,25.0,169,1,1,1,308.0
L26_V328,L26,aic25-b1,0,25.0,167,1,1,1,309.0
L26_V329,L26,aic25-b1,0,25.0,175,1,1,1,310.0
L26_V330,L26,aic25-b1,0,25.0,186,1,1,1,308.0
L26_V331,L26,aic25-b1,0,25.0,154,1,1,1,304.0
L26_V332,L26,aic25-b1,0,25.0,158,1,1,1,308.0
L26_V333,L26,aic25-b1,0,25.0,174,1,1,1,310.0
L26_V334,L26,aic25-b1,0,25.0,159,1,1,1,309.0
L26_V335,L26,aic25-b1,0,25.0,196,1,1,1,309.0
L26_V336,L26,aic25-b1,0,25.0,185,1,1,1,306.0
L26_V337,L26,aic25-b1,0,25.0,173,1,1,1,306.0
L26_V338,L26,aic25-b1,0,25.0,177,1,1,1,307.0
L26_V339,L26,aic25-b1,0,25.0,173,1,1,1,308.0
L26_V340,L26,aic25-b1,0,25.0,160,1,1,1,309.0
L26_V341,L26,aic25-b1,0,25.0,171,1,1,1,309.0
L26_V342,L26,aic25-b1,0,25.0,194,1,1,1,309.0
L26_V343,L26,aic25-b1,0,25.0,169,1,1,1,310.0
L26_V344,L26,aic25-b1,0,25.0,154,1,1,1,302.0
L26_V345,L26,aic25-b1,0,25.0,161,1,1,1,309.0
L26_V346,L26,aic25-b1,0,25.0,188,1,1,1,309.0
L26_V347,L26,aic25-b1,0,25.0,175,1,1,1,308.0
L26_V348,L26,aic25-b1,0,25.0,170,1,1,1,307.0
L26_V349,L26,aic25-b1,0,25.0,172,1,1,1,308.0
L26_V350,L26,aic25-b1,0,25.0,177,1,1,1,308.0
L26_V351,L26,aic25-b1,0,25.0,173,1,1,1,308.0
L26_V352,L26,aic25-b1,0,25.0,152,1,1,1,309.0
L26_V353,L26,aic25-b1,0,25.0,157,1,1,1,307.0
L26_V354,L26,aic25-b1,0,25.0,178,1,1,1,308.0
L26_V355,L26,aic25-b1,0,25.0,161,1,1,1,307.0
L26_V356,L26,aic25-b1,0,25.0,177,1,1,1,309.0
L26_V357,L26,aic25-b1,0,25.0,144,1,1,1,301.0
L26_V358,L26,aic25-b1,0,25.0,176,1,1,1,308.0
L26_V359,L26,aic25-b1,0,25.0,159,1,1,1,310.0
L26_V360,L26,aic25-b1,0,25.0,158,1,1,1,302.0
L26_V361,L26,aic25-b1,0,25.0,164,1,1,1,305.0
L26_V362,L26,aic25-b1,0,25.0,156,1,1,1,301.0
L26_V363,L26,aic25-b1,0,25.0,131,1,1,1,300.0
L26_V364,L26,aic25-b1,0,25.0,153,1,1,1,303.0
L26_V365,L26,aic25-b1,0,25.0,172,1,1,1,306.0
L26_V366,L26,aic25-b1,0,25.0,171,1,1,1,310.0
L26_V367,L26,aic25-b1,0,25.0,160,1,1,1,308.0
L26_V368,L26,aic25-b1,0,25.0,172,1,1,1,308.0
L26_V369,L26,aic25-b1,0,25.0,150,1,1,1,307.0
L26_V370,L26,aic25-b1,0,25.0,167,1,1,1,311.0
L26_V371,L26,aic25-b1,0,25.0,153,1,1,1,307.0
L26_V372,L26,aic25-b1,0,25.0,166,1,1,1,310.0
L26_V373,L26,aic25-b1,0,25.0,161,1,1,1,310.0
L26_V374,L26,aic25-b1,0,25.0,177,1,1,1,308.0
L26_V375,L26,aic25-b1,0,25.0,170,1,1,1,307.0
L26_V376,L26,aic25-b1,0,25.0,151,1,1,1,306.0
L26_V377,L26,aic25-b1,0,25.0,166,1,1,1,307.0
L26_V378,L26,aic25-b1,0,25.0,172,1,1,1,309.0
L26_V379,L26,aic25-b1,0,25.0,168,1,1,1,306.0
L26_V380,L26,aic25-b1,0,25.0,159,1,1,1,306.0
L26_V381,L26,aic25-b1,0,25.0,172,1,1,1,308.0
L26_V382,L26,aic25-b1,0,25.0,164,1,1,1,308.0
L26_V383,L26,aic25-b1,0,25.0,157,1,1,1,307.0
L26_V384,L26,aic25-b1,0,25.0,164,1,1,1,310.0
L26_V385,L26,aic25-b1,0,25.0,178,1,1,1,309.0
L26_V386,L26,aic25-b1,0,25.0,164,1,1,1,308.0
L26_V387,L26,aic25-b1,0,25.0,155,1,1,1,301.0
L26_V388,L26,aic25-b1,0,25.0,174,1,1,1,308.0
L26_V389,L26,aic25-b1,0,25.0,163,1,1,1,306.0
L26_V390,L26,aic25-b1,0,25.0,162,1,1,1,304.0
L26_V391,L26,aic25-b1,0,25.0,169,1,1,1,308.0
L26_V392,L26,aic25-b1,0,25.0,159,1,1,1,307.0
L26_V393,L26,aic25-b1,0,25.0,172,1,1,1,308.0
L26_V394,L26,aic25-b1,0,25.0,156,1,1,1,308.0
L26_V395,L26,aic25-b1,0,25.0,158,1,1,1,307.0
L26_V396,L26,aic25-b1,0,25.0,173,1,1,1,306.0
L26_V397,L26,aic25-b1,0,25.0,166,1,1,1,308.0
L26_V398,L26,aic25-b1,0,25.0,176,1,1,1,310.0
L26_V399,L26,aic25-b1,0,25.0,169,1,1,1,307.0
L26_V400,L26,aic25-b1,0,25.0,170,1,1,1,301.0
L26_V401,L26,aic25-b1,0,25.0,174,1,1,1,309.0
L26_V402,L26,aic25-b1,0,25.0,151,1,1,1,301.0
L26_V403,L26,aic25-b1,0,25.0,157,1,1,1,307.0
L26_V404,L26,aic25-b1,0,25.0,171,1,1,1,309.0
L26_V405,L26,aic25-b1,0,25.0,172,1,1,1,310.0
L26_V406,L26,aic25-b1,0,25.0,169,1,1,1,309.0
L26_V407,L26,aic25-b1,0,25.0,160,1,1,1,309.0
L26_V408,L26,aic25-b1,0,25.0,197,1,1,1,309.0
L26_V409,L26,aic25-b1,0,25.0,163,1,1,1,302.0
L26_V410,L26,aic25-b1,0,25.0,159,1,1,1,307.0
L26_V411,L26,aic25-b1,0,25.0,158,1,1,1,308.0
L26_V412,L26,aic25-b1,0,25.0,165,1,1,1,306.0
L26_V413,L26,aic25-b1,0,25.0,142,1,1,1,292.0
L26_V414,L26,aic25-b1,0,25.0,160,1,1,1,308.0
L26_V415,L26,aic25-b1,0,25.0,147,1,1,1,305.0
L26_V416,L26,aic25-b1,0,25.0,189,1,1,1,309.0
L26_V418,L26,aic25-b1,0,25.0,165,1,1,1,304.0
L26_V419,L26,aic25-b1,0,25.0,148,1,1,1,308.0
L26_V420,L26,aic25-b1,0,25.0,165,1,1,1,306.0
L26_V421,L26,aic25-b1,0,25.0,155,1,1,1,309.0
L26_V422,L26,aic25-b1,0,25.0,158,1,1,1,308.0
L26_V423,L26,aic25-b1,0,25.0,141,1,1,1,301.0
L26_V424,L26,aic25-b1,0,25.0,150,1,1,1,308.0
L26_V425,L26,aic25-b1,0,25.0,160,1,1,1,302.0
L26_V426,L26,aic25-b1,0,25.0,152,1,1,1,309.0
L26_V427,L26,aic25-b1,0,25.0,154,1,1,1,309.0
L26_V428,L26,aic25-b1,0,25.0,179,1,1,1,333.0
L26_V429,L26,aic25-b1,0,25.0,176,1,1,1,335.0
L26_V430,L26,aic25-b1,0,25.0,174,1,1,1,336.0
L26_V431,L26,aic25-b1,0,25.0,174,1,1,1,327.0
L26_V432,L26,aic25-b1,0,25.0,169,1,1,1,326.0
L26_V433,L26,aic25-b1,0,25.0,183,1,1,1,338.0
L26_V434,L26,aic25-b1,0,25.0,174,1,1,1,335.0
L26_V435,L26,aic25-b1,0,25.0,189,1,1,1,339.0
L26_V436,L26,aic25-b1,0,25.0,144,1,1,1,333.0
L26_V437,L26,aic25-b1,0,25.0,177,1,1,1,326.0
L26_V438,L26,aic25-b1,0,25.0,161,1,1,1,324.0
L26_V439,L26,aic25-b1,0,25.0,173,1,1,1,335.0
L26_V440,L26,aic25-b1,0,25.0,214,1,1,1,337.0
L26_V441,L26,aic25-b1,0,25.0,198,1,1,1,323.0
L26_V442,L26,aic25-b1,0,25.0,166,1,1,1,337.0
L26_V443,L26,aic25-b1,0,25.0,180,1,1,1,334.0
L26_V444,L26,aic25-b1,0,25.0,155,1,1,1,330.0
L26_V445,L26,aic25-b1,0,25.0,164,1,1,1,335.0
L26_V446,L26,aic25-b1,0,25.0,157,1,1,1,328.0
L26_V447,L26,aic25-b1,0,25.0,161,1,1,1,321.0
L26_V448,L26,aic25-b1,0,25.0,174,1,1,1,323.0
L26_V449,L26,aic25-b1,0,25.0,163,1,1,1,329.0
L26_V450,L26,aic25-b1,0,25.0,181,1,1,1,338.0
L26_V451,L26,aic25-b1,0,25.0,153,1,1,1,329.0
L26_V452,L26,aic25-b1,0,25.0,158,1,1,1,326.0
L26_V453,L26,aic25-b1,0,25.0,172,1,1,1,337.0
L26_V454,L26,aic25-b1,0,25.0,151,1,1,1,320.0
L26_V455,L26,aic25-b1,0,25.0,168,1,1,1,335.0
L26_V456,L26,aic25-b1,0,25.0,169,1,1,1,333.0
L26_V457,L26,aic25-b1,0,25.0,158,1,1,1,336.0
L26_V458,L26,aic25-b1,0,25.0,157,1,1,1,289.0
L26_V459,L26,aic25-b1,0,25.0,153,1,1,1,297.0
L26_V460,L26,aic25-b1,0,25.0,147,1,1,1,292.0
L26_V461,L26,aic25-b1,0,25.0,170,1,1,1,292.0
L26_V462,L26,aic25-b1,0,25.0,163,1,1,1,302.0
L26_V463,L26,aic25-b1,0,25.0,148,1,1,1,303.0
L26_V464,L26,aic25-b1,0,25.0,157,1,1,1,304.0
L26_V465,L26,aic25-b1,0,25.0,140,1,1,1,306.0
L26_V466,L26,aic25-b1,0,25.0,175,1,1,1,307.0
L26_V467,L26,aic25-b1,0,25.0,155,1,1,1,307.0
L26_V468,L26,aic25-b1,0,25.0,169,1,1,1,309.0
L26_V469,L26,aic25-b1,0,25.0,174,1,1,1,308.0
L26_V470,L26,aic25-b1,0,25.0,171,1,1,1,310.0
L26_V471,L26,aic25-b1,0,25.0,177,1,1,1,309.0
L26_V472,L26,aic25-b1,0,25.0,163,1,1,1,308.0
L26_V473,L26,aic25-b1,0,25.0,148,1,1,1,296.0
L26_V474,L26,aic25-b1,0,25.0,150,1,1,1,307.0
L26_V475,L26,aic25-b1,0,25.0,157,1,1,1,306.0
L26_V476,L26,aic25-b1,0,25.0,185,1,1,1,304.0
L26_V477,L26,aic25-b1,0,25.0,167,1,1,1,307.0
L26_V478,L26,aic25-b1,0,25.0,162,1,1,1,303.0
L26_V479,L26,aic25-b1,0,25.0,187,1,1,1,308.0
L26_V480,L26,aic25-b1,0,25.0,165,1,1,1,307.0
L26_V481,L26,aic25-b1,0,25.0,176,1,1,1,310.0
L26_V482,L26,aic25-b1,0,25.0,167,1,1,1,307.0
L26_V483,L26,aic25-b1,0,25.0,174,1,1,1,310.0
L26_V484,L26,aic25-b1,0,25.0,163,1,1,1,304.0
L26_V485,L26,aic25-b1,0,25.0,175,1,1,1,305.0
L26_V486,L26,aic25-b1,0,25.0,171,1,1,1,308.0
L26_V487,L26,aic25-b1,0,25.0,178,1,1,1,309.0
L26_V488,L26,aic25-b1,0,25.0,182,1,1,1,309.0
L26_V489,L26,aic25-b1,0,25.0,170,1,1,1,296.0
L26_V490,L26,aic25-b1,0,25.0,187,1,1,1,309.0
L26_V491,L26,aic25-b1,0,25.0,182,1,1,1,309.0
L26_V492,L26,aic25-b1,0,25.0,163,1,1,1,309.0
L26_V493,L26,aic25-b1,0,25.0,164,1,1,1,309.0
L26_V494,L26,aic25-b1,0,25.0,152,1,1,1,306.0
L26_V495,L26,aic25-b1,0,25.0,194,1,1,1,310.0
L26_V496,L26,aic25-b1,0,25.0,189,1,1,1,309.0
L26_V497,L26,aic25-b1,0,25.0,168,1,1,1,306.0
L26_V498,L26,aic25-b1,0,25.0,170,1,1,1,306.0
L26_V499,L26,aic25-b1,0,25.0,166,1,1,1,308.0
L27_V001,L27,aic25-b1,0,25.0,281,1,1,1,598.0
L27_V002,L27,aic25-b1,0,25.0,302,1,1,1,588.0
L27_V003,L27,aic25-b1,0,25.0,269,1,1,1,588.0
L27_V004,L27,aic25-b1,0,25.0,263,1,1,1,601.0
L27_V005,L27,aic25-b1,0,25.0,336,1,1,1,606.0
L27_V006,L27,aic25-b1,0,25.0,328,1,1,1,581.0
L27_V007,L27,aic25-b1,0,25.0,323,1,1,1,603.0
L27_V008,L27,aic25-b1,0,25.0,300,1,1,1,602.0
L27_V009,L27,aic25-b1,0,25.0,354,1,1,1,579.0
L27_V010,L27,aic25-b1,0,25.0,298,1,1,1,584.0
L27_V011,L27,aic25-b1,0,25.0,334,1,1,1,594.0
L27_V012,L27,aic25-b1,0,25.0,284,1,1,1,601.0
L27_V013,L27,aic25-b1,0,25.0,291,1,1,1,572.0
L27_V014,L27,aic25-b1,0,25.0,268,1,1,1,580.0
L27_V015,L27,aic25-b1,0,25.0,298,1,1,1,587.0
L27_V016,L27,aic25-b1,0,25.0,385,1,1,1,569.0
L28_V001,L28,aic25-b1,0,25.0,463,1,1,1,1267.0
L28_V002,L28,aic25-b1,0,25.0,484,1,1,1,1151.0
L28_V003,L28,aic25-b1,0,25.0,475,1,1,1,1151.0
L28_V004,L28,aic25-b1,0,25.0,449,1,1,1,1123.0
L28_V005,L28,aic25-b1,0,25.0,439,1,1,1,1127.0
L28_V006,L28,aic25-b1,0,25.0,577,1,1,1,1137.0
L28_V007,L28,aic25-b1,0,25.0,418,1,1,1,1130.0
L28_V008,L28,aic25-b1,0,25.0,411,1,1,1,1118.0
L28_V009,L28,aic25-b1,0,25.0,456,1,1,1,1139.0
L28_V010,L28,aic25-b1,0,25.0,491,1,1,1,1121.0
L28_V011,L28,aic25-b1,0,25.0,440,1,1,1,1141.0
L28_V012,L28,aic25-b1,0,25.0,396,1,1,1,1137.0
L28_V013,L28,aic25-b1,0,25.0,434,1,1,1,1130.0
L28_V014,L28,aic25-b1,0,25.0,438,1,1,1,1131.0
L28_V015,L28,aic25-b1,0,25.0,431,1,1,1,1130.0
L28_V016,L28,aic25-b1,0,25.0,446,1,1,1,1169.0
L28_V017,L28,aic25-b1,0,25.0,511,1,1,1,1170.0
L28_V018,L28,aic25-b1,0,25.0,472,1,1,1,1130.0
L28_V019,L28,aic25-b1,0,25.0,467,1,1,1,1134.0
L28_V020,L28,aic25-b1,0,25.0,401,1,1,1,1099.0
L28_V021,L28,aic25-b1,0,25.0,401,1,1,1,1130.0
L28_V022,L28,aic25-b1,0,25.0,336,1,1,1,1106.0
L28_V023,L28,aic25-b1,0,25.0,398,1,1,1,1094.0
L28_V024,L28,aic25-b1,0,25.0,449,1,1,1,1126.0
L29_V001,L29,aic25-b1,0,25.0,506,1,1,1,1083.0
L29_V002,L29,aic25-b1,0,25.0,461,1,1,1,1047.0
L29_V003,L29,aic25-b1,0,25.0,393,1,1,1,1047.0
L29_V004,L29,aic25-b1,0,25.0,557,1,1,1,1073.0
L29_V005,L29,aic25-b1,0,25.0,473,1,1,1,1069.0
L29_V006,L29,aic25-b1,0,25.0,408,1,1,1,1076.0
L29_V007,L29,aic25-b1,0,25.0,457,1,1,1,1073.0
L29_V008,L29,aic25-b1,0,25.0,427,1,1,1,1062.0
L29_V009,L29,aic25-b1,0,25.0,485,1,1,1,1077.0
L29_V010,L29,aic25-b1,0,25.0,519,1,1,1,1055.0
L29_V011,L29,aic25-b1,0,25.0,428,1,1,1,1076.0
L29_V012,L29,aic25-b1,0,25.0,446,1,1,1,1061.0
L29_V013,L29,aic25-b1,0,25.0,488,1,1,1,1073.0
L29_V014,L29,aic25-b1,0,25.0,411,1,1,1,1027.0
L29_V015,L29,aic25-b1,0,25.0,445,1,1,1,1081.0
L29_V016,L29,aic25-b1,0,25.0,577,1,1,1,1065.0
L29_V017,L29,aic25-b1,0,25.0,492,1,1,1,1083.0
L29_V018,L29,aic25-b1,0,25.0,568,1,1,1,1096.0
L29_V019,L29,aic25-b1,0,25.0,558,1,1,1,1065.0
L29_V020,L29,aic25-b1,0,25.0,472,1,1,1,1089.0
L29_V021,L29,aic25-b1,0,25.0,327,1,1,1,1080.0
L29_V022,L29,aic25-b1,0,25.0,432,1,1,1,1090.0
L29_V023,L29,aic25-b1,0,25.0,441,1,1,1,1082.0
L30_V001,L30,aic25-b1,0,25.0,72,1,1,1,127.0
L30_V002,L30,aic25-b1,0,25.0,87,1,1,1,165.0
L30_V003,L30,aic25-b1,0,25.0,140,1,1,1,324.0
L30_V004,L30,aic25-b1,0,25.0,59,1,1,1,240.0
L30_V005,L30,aic25-b1,0,25.0,32,1,1,1,66.0
L30_V006,L30,aic25-b1,0,25.0,53,1,1,1,186.0
L30_V007,L30,aic25-b1,0,25.0,110,1,1,1,312.0
L30_V008,L30,aic25-b1,0,25.0,87,1,1,1,205.0
L30_V009,L30,aic25-b1,0,25.0,108,1,1,1,422.0
L30_V010,L30,aic25-b1,0,25.0,70,1,1,1,166.0
L30_V011,L30,aic25-b1,0,25.0,30,1,1,1,75.0
L30_V012,L30,aic25-b1,0,25.0,116,1,1,1,320.0
L30_V013,L30,aic25-b1,0,25.0,29,1,1,1,81.0
L30_V014,L30,aic25-b1,0,25.0,31,1,1,1,114.0
L30_V015,L30,aic25-b1,0,25.0,93,1,1,1,272.0
L30_V016,L30,aic25-b1,0,25.0,41,1,1,1,138.0
L30_V017,L30,aic25-b1,0,25.0,135,1,1,1,291.0
L30_V018,L30,aic25-b1,0,25.0,104,1,1,1,378.0
L30_V019,L30,aic25-b1,0,25.0,60,1,1,1,175.0
L30_V020,L30,aic25-b1,0,25.0,44,1,1,1,141.0
L30_V021,L30,aic25-b1,0,25.0,186,1,1,1,126.0
L30_V022,L30,aic25-b1,0,25.0,36,1,1,1,117.0
L30_V023,L30,aic25-b1,0,25.0,83,1,1,1,235.0
L30_V024,L30,aic25-b1,0,25.0,71,1,1,1,136.0
L30_V025,L30,aic25-b1,0,25.0,162,1,1,1,248.0
L30_V026,L30,aic25-b1,0,25.0,68,1,1,1,182.0
L30_V027,L30,aic25-b1,0,25.0,81,1,1,1,351.0
L30_V028,L30,aic25-b1,0,25.0,96,1,1,1,245.0
L30_V029,L30,aic25-b1,0,25.0,115,1,1,1,313.0
L30_V030,L30,aic25-b1,0,25.0,112,1,1,1,344.0
L30_V031,L30,aic25-b1,0,25.0,67,1,1,1,140.0
L30_V032,L30,aic25-b1,0,25.0,60,1,1,1,250.0
L30_V033,L30,aic25-b1,0,25.0,243,1,1,1,343.0
L30_V034,L30,aic25-b1,0,25.0,85,1,1,1,265.0
L30_V035,L30,aic25-b1,0,25.0,33,1,1,1,80.0
L30_V036,L30,aic25-b1,0,25.0,101,1,1,1,83.0
L30_V037,L30,aic25-b1,0,25.0,156,1,1,1,219.0
L30_V038,L30,aic25-b1,0,25.0,86,1,1,1,253.0
L30_V039,L30,aic25-b1,0,25.0,85,1,1,1,273.0
L30_V040,L30,aic25-b1,0,25.0,29,1,1,1,65.0
L30_V041,L30,aic25-b1,0,25.0,24,1,1,1,84.0
L30_V042,L30,aic25-b1,0,25.0,42,1,1,1,111.0
L30_V043,L30,aic25-b1,0,25.0,99,1,1,1,185.0
L30_V044,L30,aic25-b1,0,25.0,95,1,1,1,133.0
L30_V045,L30,aic25-b1,0,25.0,86,1,1,1,328.0
L30_V046,L30,aic25-b1,0,25.0,97,1,1,1,277.0
L30_V047,L30,aic25-b1,0,25.0,98,1,1,1,288.0
L30_V048,L30,aic25-b1,0,25.0,123,1,1,1,400.0
L30_V049,L30,aic25-b1,0,25.0,58,1,1,1,181.0
L30_V050,L30,aic25-b1,0,25.0,46,1,1,1,142.0
L30_V051,L30,aic25-b1,0,25.0,71,1,1,1,187.0
L30_V052,L30,aic25-b1,0,25.0,126,1,1,1,293.0
L30_V053,L30,aic25-b1,0,25.0,93,1,1,1,304.0
L30_V054,L30,aic25-b1,0,25.0,117,1,1,1,366.0
L30_V055,L30,aic25-b1,0,25.0,80,1,1,1,216.0
L30_V056,L30,aic25-b1,0,25.0,116,1,1,1,300.0
L30_V057,L30,aic25-b1,0,25.0,50,1,1,1,187.0
L30_V058,L30,aic25-b1,0,25.0,69,1,1,1,119.0
L30_V059,L30,aic25-b1,0,25.0,74,1,1,1,216.0
L30_V060,L30,aic25-b1,0,25.0,73,1,1,1,148.0
L30_V061,L30,aic25-b1,0,25.0,95,1,1,1,332.0
L30_V062,L30,aic25-b1,0,25.0,99,1,1,1,224.0
L30_V063,L30,aic25-b1,0,25.0,81,1,1,1,258.0
L30_V064,L30,aic25-b1,0,25.0,112,1,1,1,274.0
L30_V065,L30,aic25-b1,0,25.0,52,1,1,1,108.0
L30_V066,L30,aic25-b1,0,25.0,81,1,1,1,280.0
L30_V067,L30,aic25-b1,0,25.0,45,1,1,1,111.0
L30_V068,L30,aic25-b1,0,25.0,78,1,1,1,247.0
L30_V069,L30,aic25-b1,0,25.0,90,1,1,1,225.0
L30_V070,L30,aic25-b1,0,25.0,45,1,1,1,89.0
L30_V071,L30,aic25-b1,0,25.0,29,1,1,1,78.0
L30_V072,L30,aic25-b1,0,25.0,41,1,1,1,87.0
L30_V073,L30,aic25-b1,0,25.0,69,1,1,1,210.0
L30_V074,L30,aic25-b1,0,25.0,122,1,1,1,257.0
L30_V075,L30,aic25-b1,0,25.0,95,1,1,1,258.0
L30_V076,L30,aic25-b1,0,25.0,63,1,1,1,169.0
L30_V077,L30,aic25-b1,0,25.0,67,1,1,1,199.0
L30_V078,L30,aic25-b1,0,25.0,76,1,1,1,198.0
L30_V079,L30,aic25-b1,0,25.0,55,1,1,1,160.0
L30_V080,L30,aic25-b1,0,25.0,77,1,1,1,278.0
L30_V081,L30,aic25-b1,0,25.0,72,1,1,1,184.0
L30_V082,L30,aic25-b1,0,25.0,62,1,1,1,220.0
L30_V083,L30,aic25-b1,0,25.0,108,1,1,1,297.0
L30_V084,L30,aic25-b1,0,25.0,74,1,1,1,207.0
L30_V085,L30,aic25-b1,0,25.0,62,1,1,1,195.0
L30_V086,L30,aic25-b1,0,25.0,62,1,1,1,190.0
L30_V087,L30,aic25-b1,0,25.0,57,1,1,1,226.0
L30_V088,L30,aic25-b1,0,25.0,87,1,1,1,209.0
L30_V089,L30,aic25-b1,0,25.0,90,1,1,1,211.0
L30_V090,L30,aic25-b1,0,25.0,86,1,1,1,225.0
L30_V091,L30,aic25-b1,0,25.0,134,1,1,1,281.0
L30_V092,L30,aic25-b1,0,25.0,75,1,1,1,173.0
L30_V093,L30,aic25-b1,0,25.0,92,1,1,1,262.0
L30_V094,L30,aic25-b1,0,25.0,82,1,1,1,219.0
L30_V095,L30,aic25-b1,0,25.0,123,1,1,1,310.0
L30_V096,L30,aic25-b1,0,25.0,84,1,1,1,94.0
